subj,k_bayes,k_bayes_sd,beta_bayes,beta_bayes_sd,alpha_bayes,alpha_bayes_sd,delta_bayes,delta_bayes_sd,delta_ols,logk_bayes,logbeta_bayes
1,5.235872,1.439255,147.96312,81.192154,0.16206849,0.028982034,0.36270407,0.04742015,0.4404278362154933,1.619035,4.8612933
2,15.435386,2.7646863,76.71184,90.1583,-0.025840746,0.028599674,0.10977081,0.046025682,0.03008406346241231,2.72069,3.9069154
3,6.1815658,1.1370178,36.85266,27.676281,-0.037434217,0.027392983,0.08309442,0.048624627,0.01382366383125283,1.8048849,3.4111729
4,2.3873432,0.9384765,117.32783,45.549286,0.0027756318,0.02851794,0.3295047,0.045169532,0.41720579579591244,0.7996052,4.693768
5,1.5382276,0.6685405,31.639677,15.923725,-0.19334868,0.02917143,0.15794514,0.045452405,0.15254896900760856,0.34131557,3.3377035
6,5.0972424,1.3985546,141.08746,74.51929,0.17614114,0.028304456,0.28630802,0.04889481,0.31425437574853965,1.592016,4.8247933
7,5.229006,1.186853,63.975452,36.48591,0.05648575,0.02745267,0.20471275,0.044220433,0.20553916434923503,1.6291637,4.016421
8,12.08329,1.9616605,61.83484,56.269573,0.064994074,0.028500115,0.20910895,0.047442887,0.20808137609245386,2.4788163,3.8034263
9,5.155334,1.146091,21.057476,13.803767,-0.11033596,0.029574772,0.14162484,0.046936195,0.11644510269446676,1.6159894,2.8760567
10,3.954804,1.1837252,141.22263,63.00011,-0.008606213,0.029266324,0.33017284,0.049139366,0.4118335252468651,1.3320682,4.8616304
11,4.4693465,1.1456717,79.76936,44.53982,-0.025480807,0.027755274,0.26412338,0.04726114,0.3022350898881267,1.4651437,4.243089
12,10.048359,1.8371552,112.94407,123.62927,0.14875226,0.02921858,0.19884497,0.04574188,0.14712627220358407,2.2908816,4.3585725
13,2.9705405,0.968122,33.053627,19.100443,-0.028424073,0.027370885,0.21379134,0.04914329,0.22625895718147432,1.0391011,3.3499336
14,2.3216739,0.84620804,62.488228,28.78038,0.20385432,0.028374953,0.36493647,0.047635008,0.44692444763966926,0.7791091,4.043241
15,10.70755,1.7414833,45.688095,36.337334,0.38019976,0.02978579,0.22054088,0.04723994,0.16264724516913637,2.3578346,3.559374
16,18.195234,3.5040414,32.288128,25.00461,0.007304037,0.029257895,0.1277698,0.04745829,0.08122710739632806,2.8828125,3.2294655
17,6.2536016,1.2126751,58.733486,37.433277,0.030181441,0.029555568,0.31562054,0.0504984,0.36532068664202855,1.8146772,3.9023578
18,3.4625793,1.0655901,44.038567,24.408033,0.054483414,0.02758352,0.3170145,0.04438478,0.37411917670944317,1.1978133,3.6533892
19,3.6263666,1.1575868,167.61841,69.09703,-0.108021766,0.028487908,0.3619912,0.04655194,0.48893446082541675,1.2388366,5.0421095
20,2.4451246,1.0445882,195.56487,74.12097,-0.012249559,0.02969734,0.38609236,0.047443196,0.4976169103685401,0.8084598,5.2071953
21,3.5432675,1.085846,68.21333,34.944706,0.16522853,0.029883867,0.21512757,0.050234463,0.17760642128202456,1.2206426,4.1109858
22,1.9745919,0.8994297,100.39049,37.796307,0.017277965,0.02923079,0.36556444,0.0470187,0.47011644064569696,0.58735573,4.542161
23,2.5137904,0.9405037,83.035995,33.534763,0.056937832,0.029237628,0.29950234,0.047332693,0.34762656039024087,0.8542166,4.3421736
24,1.3290259,0.64807147,24.321667,13.964443,-0.040475197,0.02814016,0.25013447,0.044231057,0.2911920496914608,0.17942795,3.0528007
25,3.9298427,1.2368871,138.38689,63.409,0.20362332,0.026173353,0.43831614,0.046754695,0.5436050333382338,1.3206648,4.8335977
26,8.256385,1.3949383,56.914906,44.74821,0.38783163,0.02962056,0.27296215,0.04492109,0.24201107002531486,2.0967858,3.8024538
27,7.3090506,1.2628301,46.64211,33.13327,0.0054545556,0.029685056,0.23903708,0.04730723,0.25874764799555816,1.9743499,3.63129
28,2.9614317,1.0434844,175.104,70.04064,0.024350764,0.030432483,0.36155352,0.048714634,0.46356426944888374,1.0259978,5.091587
29,3.2882848,0.9726925,37.450905,23.192331,0.09883318,0.029330349,0.19434765,0.04940254,0.20665173051984698,1.1487888,3.4617276
30,2.8758225,1.1022615,111.53188,45.541634,-0.05961517,0.030945208,0.23513088,0.045833994,0.28413847191000874,0.98821527,4.637825
31,2.5839972,0.90965945,28.435163,16.27364,-0.08369449,0.028379006,0.20036869,0.0477268,0.2227029004147979,0.8904268,3.2103446
32,14.685607,2.4896386,55.491104,48.924004,0.027213132,0.029909106,0.17313802,0.049657907,0.11595213982520747,2.6726823,3.7040634
33,1.7811795,0.7774191,83.86001,35.132862,-0.05086703,0.027260555,0.28469408,0.048021063,0.34081109107831414,0.4893113,4.3479347
34,8.277819,1.4225718,52.11418,37.494587,-0.032337204,0.029295204,0.19128272,0.047741067,0.1790774432279538,2.0991395,3.7400985
35,28.501034,6.4773254,63.60486,68.21837,0.095728695,0.02871041,0.14327207,0.048077505,0.07664794591948658,3.3246489,3.7517247
36,4.2204185,1.0994602,83.670235,44.602646,0.062476173,0.027848575,0.20549466,0.048047468,0.20716682969075687,1.4070773,4.3059025
37,17.409607,3.1675863,42.00588,34.278275,0.20794152,0.030677658,0.15473512,0.048520308,0.07141770272303748,2.8406837,3.48501
38,5.3855395,1.1696329,42.394638,26.488176,0.023489144,0.031500082,0.3360503,0.04798468,0.414765984972725,1.660649,3.5783134
39,1.211578,0.5681956,15.6635895,8.990298,-0.022231532,0.028608229,0.1100044,0.046354804,0.059937026258042155,0.0915441,2.6081126
40,2.667885,0.9368618,42.169468,23.051636,-0.0537526,0.027699476,0.22094312,0.046635997,0.24053698548741323,0.9233454,3.6102526
41,11.823678,1.9934882,76.11101,76.405205,0.002144665,0.028281119,0.110059835,0.047634028,0.05123083523982421,2.456186,3.9766467
42,3.9156034,0.99824506,22.1537,12.623525,0.13414371,0.02957988,0.07131437,0.049106047,-0.0354276062027698,1.3335501,2.9554882
43,16.961828,2.9175663,34.190987,24.72533,0.047786027,0.029382784,0.123679705,0.048823453,0.04098562223917901,2.8164842,3.3094249
44,5.3506293,1.3675444,177.9088,103.61467,-0.010892927,0.028802898,0.1587346,0.050245076,0.13321486169684915,1.6452043,5.0393524
45,9.498281,1.5457973,45.780056,35.994015,0.0914864,0.029100036,0.20620735,0.047085047,0.19777440482852418,2.2381191,3.5779016
46,6.2559905,1.3459798,102.84661,72.1601,0.048589487,0.027411077,0.25595236,0.048107,0.3120177524723787,1.8111432,4.438037
47,3.6948237,0.9609314,21.839752,13.062588,-0.021366602,0.027531585,0.12725872,0.048684683,0.058637463413983765,1.274227,2.9284894
48,7.199509,1.3619031,99.468025,72.68321,0.0401905,0.029750599,0.2472044,0.04503226,0.27502966705880644,1.956464,4.3830214
49,2.777057,1.1013975,187.55269,71.22409,0.06510114,0.029339287,0.34219202,0.045940857,0.44097360542647435,0.94822174,5.1662083
50,7.0696025,1.4281644,70.94181,51.208485,0.17740908,0.031117996,0.20090583,0.047121726,0.1577575716651279,1.9355375,4.060488
51,1.5126506,0.71783465,46.176773,22.07014,0.15592325,0.027999867,0.35802358,0.048312563,0.42586035061018607,0.3114513,3.7328217
52,10.238069,1.6604987,42.45508,33.891224,-0.007834962,0.027467193,0.058881234,0.049013115,-0.027409996244579057,2.313074,3.498045
53,9.2638235,1.5912524,67.14505,60.274544,0.038858682,0.028749514,0.22480543,0.04544351,0.2287474073918667,2.211643,3.9277318
54,3.5792975,1.032168,50.525654,27.817371,-0.027337918,0.029570464,0.25711182,0.049617123,0.29075486603899353,1.2346536,3.792256
55,12.526683,1.9051497,30.215021,22.187422,0.013769774,0.029036352,0.15553924,0.04922463,0.12063326926308718,2.5163302,3.1815705
56,5.577398,1.2000769,64.7835,43.021545,0.038770344,0.027433224,0.29757807,0.04906777,0.33884280570263653,1.6960508,3.989081
57,6.164232,1.2106384,33.607113,22.593405,-0.041989803,0.027597707,0.1509385,0.04601349,0.12679473356842746,1.7999679,3.3345697
58,5.8275332,1.2417363,34.795757,22.309362,-0.14615467,0.029304912,0.15787105,0.05143542,0.13853396855879468,1.7404896,3.3720603
59,7.2959633,1.3890665,31.4622,23.046055,0.00081749924,0.029612705,0.13469896,0.048323825,0.08348316203246514,1.9693794,3.2521307
60,2.2423875,0.8609617,26.411615,14.716066,-0.13089393,0.029644512,0.24683379,0.050108194,0.3024478578457787,0.7382707,3.1380754
61,6.992109,1.2658724,45.17616,33.740902,0.029207876,0.030120049,0.20822076,0.048612975,0.21313129797222038,1.9286455,3.5924823
62,1.0913101,0.5273517,25.85339,16.33373,-0.23637198,0.02820335,0.21474989,0.045843802,0.27124178148453815,-0.017418398,3.0893133
63,2.475748,0.9482953,95.32562,34.604713,-0.04747016,0.029777609,1.1161406,0.046461806,1.7301375438593425,0.8382544,4.495224
64,10.154599,1.7224413,43.44072,34.549538,0.014277374,0.029713916,0.2079895,0.047532964,0.18699336486151905,2.3036947,3.5221336
65,9.314163,1.4674306,38.274292,28.49746,0.12769999,0.031779513,0.19578484,0.04603182,0.1614188292656565,2.2193074,3.4154825
66,1.1143068,0.58172643,17.045107,10.045322,-0.10953399,0.028347576,0.05032953,0.048548006,-0.04275137089416783,-0.011519226,2.6794791
67,1.9418409,0.8013713,31.740412,17.636597,-0.12398996,0.02808339,0.082060374,0.047385447,0.008332928611388775,0.5845125,3.3234115
68,2.9869835,0.9779968,37.476414,19.162922,-0.12646791,0.028397359,0.16446476,0.043580633,0.17267042157486087,1.042902,3.5059059
69,1.9992079,0.87303156,45.435688,20.89706,0.022377817,0.030472701,0.2382905,0.046247914,0.26280009040432256,0.6039446,3.7192671
70,11.633304,1.9825071,41.877052,34.432087,-0.01820525,0.028575955,0.1496036,0.05011377,0.12698593597197272,2.4395268,3.4859655
71,5.2819757,1.128426,33.164776,20.865416,-0.12902331,0.027095405,0.14721955,0.046906576,0.10469341705688219,1.6419702,3.3348851
72,29.348932,6.5957446,66.05918,67.619835,0.40050435,0.027738018,0.13877502,0.044448014,0.014442884243936168,3.3542964,3.812653
73,6.4767146,1.4144651,99.83484,71.426765,0.02642703,0.027415905,0.31573322,0.047535792,0.4012030856311232,1.8447394,4.3981557
74,16.698183,3.1154304,68.216774,69.5694,-0.09429358,0.028753724,0.07731063,0.049735386,0.0050587674926872534,2.79819,3.8448596
75,5.738787,1.2595236,82.31354,50.465797,-0.09300551,0.028276041,0.33052057,0.04700227,0.44201860073281407,1.7236497,4.2562485
76,4.45667,1.0343995,26.254478,16.238024,-0.051617213,0.02892794,0.08841872,0.048234213,0.020954281402795448,1.4678208,3.1124399
77,21.391342,4.038126,30.65957,23.790228,0.5160678,0.028099308,0.12770748,0.046679847,-0.03137488842861092,3.0456119,3.179638
78,3.1751034,1.0851996,118.00542,53.304214,0.068116486,0.027557965,0.33337277,0.047379266,0.411212612283939,1.1000065,4.68053
79,1.5706098,0.7759265,25.50026,14.95,0.18785465,0.028931504,0.24068415,0.049996868,0.2305774130586451,0.34122702,3.0874903
80,9.128472,1.6093181,66.4671,53.74645,0.16731817,0.027230226,0.23427555,0.050404835,0.2387002794985448,2.1960406,3.9400134
81,2.9948292,0.95713,69.98424,33.736744,-0.10475063,0.027952723,0.34979972,0.04517629,0.45821815930825677,1.0481193,4.142054
82,12.319113,2.0509915,73.72958,74.17314,-0.014450968,0.029138224,0.111747466,0.047226466,0.042329654575498185,2.4974012,3.9465952
83,0.6842034,0.3489642,11.794355,7.2502165,-0.19403273,0.030540945,0.029212335,0.043149974,-0.04236856468249704,-0.49434748,2.3045578
84,5.2094607,1.2959036,125.60059,73.02727,-0.09336856,0.02833218,0.2192259,0.048516165,0.24937261609120193,1.6201208,4.6856647
85,6.18152,1.2636695,89.79784,52.665684,-0.03265168,0.02887307,0.27397257,0.049754303,0.319833934713091,1.8009169,4.345593
86,1.5551784,0.74327123,31.573368,16.10929,-0.07613291,0.028392099,0.31472427,0.042899787,0.4076514998911572,0.33795896,3.3379128
87,1.789471,0.89955395,112.129715,39.314995,-0.026061513,0.028933898,0.35483706,0.045327377,0.4647993968396251,0.46894053,4.661905
88,7.8280787,1.4971373,85.353096,65.889015,0.14669889,0.028200757,0.2750258,0.04810612,0.2957742396906998,2.0397487,4.2195034
89,10.0408125,1.8020543,105.97157,106.07528,0.09739439,0.03059357,0.19839495,0.047414534,0.16564001971991466,2.2908556,4.313045
90,2.0697017,0.8499302,29.51168,16.848227,0.06163177,0.027138932,0.25489807,0.0458877,0.2602832236243617,0.6499383,3.2357578
91,0.8510232,0.45127904,14.023739,8.156298,0.13243623,0.029729767,0.1694138,0.048008077,0.14582642099979398,-0.2808397,2.4984343
92,1.7867672,0.8743538,62.374077,27.126877,-0.049221005,0.030175667,0.34016854,0.05274534,0.4447597350077346,0.47386944,4.0452895
93,2.369231,0.91342676,27.137712,14.996446,0.04892017,0.028369607,0.1562285,0.04496966,0.10726219479219012,0.79479533,3.1642535
94,6.1030517,1.3192384,106.381134,78.52331,-0.014055064,0.02826157,0.33584693,0.04592809,0.43566046877545117,1.7856898,4.4528737
95,5.249946,1.399425,125.539276,70.45111,0.025146825,0.030258808,0.2007584,0.048449226,0.1920895593515497,1.6249162,4.694084
96,1.3170989,0.6267989,21.81894,12.919654,-0.2384127,0.02940889,0.15378606,0.045473088,0.16793589060561276,0.1712145,2.93458
97,1.3459207,0.6468996,23.483936,13.556889,-0.25752705,0.028299995,0.21658343,0.049703393,0.249381117559189,0.19301355,3.0171685
98,41.058525,12.735184,63.160698,67.90964,0.099414326,0.028711379,0.11789534,0.048955012,0.03557901008832736,3.669091,3.7495966
99,6.803562,1.4259099,125.56784,94.17615,0.010121398,0.028754994,0.13053738,0.050017636,0.07929829617337919,1.8959413,4.6169724
100,2.9841738,0.9505504,51.77906,27.293552,-0.111781724,0.02828817,0.29575893,0.04627083,0.37648349239173357,1.0445471,3.8233922
101,1.1081516,0.53457856,19.472057,11.560121,0.27531892,0.028340764,0.25729305,0.049429707,0.23958750894225356,-0.004499195,2.8143308
102,4.009503,1.2634442,148.78845,70.49388,-0.019502424,0.029421935,0.30703953,0.049998652,0.36221567409973154,1.340935,4.9000387
103,1.8390119,0.80459255,40.68448,19.855585,-0.12523045,0.028933734,0.2070607,0.047611702,0.24140824842584294,0.52088416,3.6002018
104,10.089295,1.7153662,43.511135,34.082054,0.14424281,0.028757874,0.16317983,0.047160875,0.10744308053302576,2.2971735,3.5272348
105,3.1314805,1.0988044,188.2601,77.269295,0.016771398,0.029090399,0.27489632,0.0484114,0.3325065313837516,1.083016,5.160093
106,2.110578,0.81343603,45.71095,23.681057,-0.08788447,0.029423501,0.14959225,0.043507576,0.1359313580368503,0.6765422,3.7023256
107,2.3202775,0.90647554,41.133514,20.209408,0.10054608,0.029051144,0.337071,0.049365606,0.40352905715375353,0.76876265,3.6089928
108,6.062767,1.3740041,117.65788,75.52138,0.058637835,0.02852083,0.3068163,0.046903986,0.3525014509713296,1.7769498,4.592684
109,6.7128987,1.3094933,53.698074,36.094975,0.077839635,0.030227179,0.23005565,0.049977046,0.22977748180947635,1.885138,3.7902458
110,24.18252,4.6167474,52.326313,47.388393,0.14877501,0.027894355,0.11833614,0.04600571,0.020577053805573446,3.1676536,3.635478
111,6.815556,1.3923639,64.17498,47.747776,-0.11190833,0.031654127,0.16308683,0.049848776,0.15460919739499457,1.8986703,3.931037
112,5.3638563,1.2623655,79.481026,45.4297,0.1502192,0.027486796,0.29885024,0.04763979,0.3302759179417947,1.6523123,4.2323856
113,4.524292,1.1475976,38.04118,21.715302,-0.076220855,0.031112337,0.1786939,0.04751598,0.16987192556966493,1.478768,3.4944685
114,6.055709,1.2054992,54.87894,34.0048,0.07794519,0.028341262,0.2123898,0.04958958,0.20221377925881648,1.7818588,3.8457694
115,2.2890387,1.1125878,234.47258,86.77531,0.009275507,0.02738757,0.24841823,0.046699442,0.27684093172482954,0.72249466,5.3919744
116,5.9755287,1.1450889,30.863531,20.345743,0.07574887,0.029656125,0.22472596,0.047514472,0.2431098600354509,1.7695402,3.2461095
117,11.128794,1.9072158,58.14424,50.29296,0.14926206,0.029765423,0.06984888,0.046457447,-0.04239364045947479,2.3951516,3.7614787
118,7.895805,1.6126186,120.21529,97.1804,-0.053671777,0.029679209,0.14097737,0.047549244,0.09301129545466709,2.0458999,4.5267277
119,12.890335,2.280098,53.83291,46.31085,-0.06345403,0.02732607,0.22715238,0.04933235,0.25281310779275523,2.541118,3.6908648
120,2.164068,1.038931,230.1808,80.65244,-0.023750177,0.028119257,0.31492072,0.04594786,0.41390084865534277,0.6668764,5.3800464
121,7.940072,1.3329821,60.481194,43.410213,-0.050382562,0.031006275,0.27239445,0.051342085,0.3325919319449558,2.0581334,3.8812623
122,1.6486394,0.8068314,88.84773,31.698702,0.1775795,0.028685067,0.2859069,0.05029715,0.30551856930185955,0.3927593,4.4270024
123,6.0804663,1.1761736,24.063803,15.708481,0.18053149,0.028779227,0.081550874,0.044556025,-0.055969508834136955,1.7866524,2.998752
124,41.66971,13.495434,64.67224,68.16069,0.25878015,0.029620646,0.17625648,0.051511608,0.10748631525648271,3.678867,3.7855706
125,5.5343213,1.1909481,67.18741,45.60068,-0.033231653,0.029246375,0.2781022,0.04738707,0.3469465464753231,1.6886554,4.032412
126,4.920835,1.3736596,148.09738,77.58856,0.037427977,0.02866937,0.21026835,0.044942692,0.21522695271710598,1.556055,4.8741193
127,7.6255426,1.3907069,40.099983,27.311855,0.0032769155,0.029435424,0.21894817,0.04698172,0.22521567398012893,2.0152404,3.50047
128,6.6779637,1.3990107,97.75079,74.36084,0.016453575,0.030448647,0.2688418,0.051975675,0.30638922897495036,1.8769606,4.3810625
129,3.1349611,1.1233897,189.60616,76.413704,0.01824713,0.028070273,0.2927527,0.046101935,0.335473842344749,1.0831621,5.171584
130,1.0244983,0.5501753,21.715788,13.287306,-0.024824837,0.028764892,0.21321826,0.04759097,0.19393052689424795,-0.10556143,2.9202483
131,2.3265135,0.9134099,44.766403,26.501526,0.0059176604,0.029907702,0.25859067,0.048604656,0.2817694121434747,0.77312577,3.6708357
132,3.0019798,0.96757966,30.570078,17.10579,-0.13030407,0.028896987,0.25136626,0.046927124,0.3127138808129136,1.0501301,3.2860842
133,2.3529806,0.8447112,37.626663,20.524685,-0.17717397,0.030621659,0.27212107,0.0492767,0.3292705735159271,0.7938101,3.4926498
134,20.706215,3.9418368,40.902016,35.57989,-0.08635136,0.02994569,0.04890072,0.04598136,-0.030127189284504353,3.0126555,3.4087245
135,2.238908,0.8798076,88.9588,35.08041,0.006217411,0.028979946,0.2566039,0.048840925,0.30424309157874435,0.7329574,4.4157753
136,1.690177,0.8259967,114.619545,37.992912,-0.00255875,0.02905285,0.3003059,0.045365725,0.3526753894896117,0.42211586,4.689373
137,2.240055,0.9457526,68.58608,30.168344,-0.00082602643,0.028197948,0.31541872,0.048999056,0.400761142321053,0.72286254,4.1399784
138,4.5364423,1.1367714,42.25375,26.139696,-0.019316304,0.028143985,0.1359369,0.048303682,0.09430264722826735,1.4819977,3.5792992
139,12.594947,2.1042783,31.572578,24.262194,0.19585343,0.02936423,0.10224089,0.04786781,-0.0009643410186833172,2.5194712,3.2223628
140,4.023658,1.0525843,50.194942,28.573423,-0.06724125,0.02947477,0.19911025,0.048283737,0.21931481590662252,1.3587108,3.7704
141,10.362706,1.7892478,119.93262,118.658035,0.23711392,0.03001369,0.110198416,0.04834968,-0.000285735050367875,2.3236666,4.422752
142,4.1995435,1.140149,50.48702,28.773132,-0.034872685,0.02940257,0.2621198,0.048899997,0.31034344422029464,1.3998005,3.782135
143,3.2570145,1.2742326,269.0106,118.96311,0.21303114,0.02879769,0.25600514,0.046605624,0.2583001384681322,1.1105741,5.505009
144,3.535464,1.1257617,95.79217,42.271397,0.0416479,0.028162109,0.28652793,0.04677958,0.3484635948417457,1.2141054,4.4709487
145,1.0972294,0.5595192,16.344982,9.028125,-0.110517554,0.030114982,0.17386067,0.046651836,0.13748761588631328,-0.022231512,2.6599202
146,18.885395,3.3744302,65.726845,71.53406,0.11474427,0.030368123,0.17506447,0.048841327,0.12347583235071574,2.922607,3.7995505
147,6.6174936,1.2585062,53.97978,37.171215,-0.016067268,0.028693046,0.17358719,0.047428846,0.15643355655280905,1.8719325,3.7901285
148,5.921684,1.191702,33.425587,22.865482,-0.070317455,0.029281288,0.21209282,0.04758224,0.22803961863259997,1.759038,3.327894
149,2.924254,0.9832225,79.26541,32.38555,-0.016199304,0.029453155,0.29078105,0.044553645,0.3629412405226497,1.0209385,4.297327
150,1.4514126,0.6671725,23.232721,13.220428,-0.0921112,0.030080916,0.15432212,0.044805408,0.13458629591522814,0.2789633,3.0074992
151,2.783957,1.0462207,87.624214,36.05343,-0.075994276,0.030778157,0.32044238,0.050123706,0.41964687362521985,0.9578465,4.394154
152,7.839567,1.53368,51.601624,39.68336,0.82858175,0.030052505,0.37355387,0.051700696,0.3269296804166218,2.0400999,3.7051551
153,23.187244,4.6264663,56.455185,53.998394,0.20896578,0.029018281,0.13644516,0.044376623,0.05453809108857181,3.1239364,3.6811662
154,4.9044104,1.4016021,139.56404,77.20697,0.45479876,0.030880498,0.24517263,0.049736932,0.19161411016758503,1.5517519,4.8060236
155,2.4565692,0.98452014,63.609997,30.485643,-0.009777384,0.02863373,0.28649035,0.0482392,0.3631333040267182,0.8250259,4.049352
156,5.941088,1.2886616,70.67214,46.869843,0.124457665,0.028329803,0.23591241,0.045895096,0.2685178373296596,1.758834,4.07645
157,3.4214966,1.1091865,52.98513,27.863663,0.060579747,0.028878799,0.33099085,0.048214346,0.4047155492991091,1.1790864,3.8456779
158,1.5214909,0.71828485,19.861818,11.130489,0.37479421,0.029922802,0.28954113,0.045291953,0.2768218243264133,0.31939584,2.8523023
159,6.3745427,1.1797757,31.68981,22.11494,-0.01176512,0.027988164,0.1875859,0.049914192,0.19560763997108946,1.8355745,3.2707682
160,4.7763405,1.0919398,18.595062,11.278305,-0.017476888,0.029322617,0.010996722,0.047415152,-0.11217259106437676,1.5383373,2.7572055
161,4.6679153,1.1515108,32.504658,19.777191,0.041379564,0.030524861,0.14740397,0.048173625,0.09351408336904503,1.5114506,3.3164468
162,1.7657589,0.73307866,21.435825,13.682244,-0.1916778,0.030487875,0.095477045,0.047680497,0.07398818719437933,0.4895737,2.8919225
163,9.1679735,1.6165959,74.84315,66.660576,0.067580715,0.02941747,0.15507722,0.049850747,0.11026103522913663,2.200452,4.031495
164,3.5723357,1.0148458,58.478863,29.389187,-0.011568199,0.029298665,0.2410968,0.048332263,0.28837277080212154,1.2339075,3.9569438
165,1.7682291,0.7504963,58.243828,26.416178,0.04769317,0.02962285,0.38240725,0.048735917,0.49971709912161905,0.4875427,3.968787
166,8.855008,1.5721838,59.83827,47.257336,0.19145449,0.029455326,0.23918055,0.04859604,0.2297660159067985,2.1655226,3.8425398
167,5.9216723,1.3004167,99.73169,58.18161,0.016507342,0.028061599,0.34451333,0.047653012,0.4208093203221625,1.755089,4.458028
168,2.262504,1.0113133,180.96571,67.17488,-0.07015581,0.028574754,0.2131421,0.048534296,0.23487086161673523,0.72569144,5.133173
169,2.8316717,1.0373865,27.430845,15.513262,-0.19636995,0.031893082,0.12682898,0.04936081,0.1146262416520057,0.97859275,3.1753488
170,6.7394333,1.2613566,33.001244,22.458342,-0.13130884,0.029077357,0.08502944,0.05006524,0.025333703270057118,1.8908305,3.3005042
171,1.4263352,0.657677,28.982296,15.661481,-0.07820448,0.027904673,0.21565343,0.04406791,0.24286292801917456,0.25610036,3.2322664
172,3.1658583,1.2140354,179.76501,79.50558,-0.063158266,0.02757415,0.3852585,0.048789993,0.5180804317815234,1.0846721,5.1054263
173,2.5605037,1.1241541,119.254005,42.67216,0.042837773,0.026472343,0.36835608,0.047689933,0.4841234764715871,0.85327953,4.7200227
174,2.333619,0.96536005,76.63418,31.84879,-0.13249543,0.027350726,0.3157598,0.0462449,0.4308735399567285,0.76627266,4.262212
175,7.7119727,1.3293617,42.911594,32.217075,-0.10527261,0.027342526,0.20828393,0.051994346,0.217108163731258,2.0281994,3.5306706
176,2.228461,0.9181835,27.730625,16.479721,-0.044967417,0.030254873,0.21240556,0.048081722,0.21736693429783188,0.7233864,3.1773555
177,2.1204386,0.82594,33.550945,17.154158,-0.014663804,0.028926522,0.2285479,0.049223453,0.23757646482474454,0.6801697,3.3931482
178,1.7570987,0.74578196,18.030342,10.613319,-0.13150516,0.029531358,0.05899773,0.04760779,-0.025271278967285683,0.48185864,2.7531605
179,5.2712917,1.2088559,27.388922,17.697115,-0.25788164,0.030345935,0.12036375,0.051552117,0.12043998490628652,1.63682,3.1358895
180,1.6236267,0.74217606,64.199326,28.31704,-0.12550147,0.028103543,0.24742723,0.045420498,0.30282087655496986,0.38623103,4.0736494
181,3.3298488,0.9946162,36.82729,19.724659,-0.048152797,0.028436285,0.17134053,0.05093776,0.1628241843635878,1.1599848,3.478036
182,4.280584,1.3522209,232.7746,124.23952,0.10911842,0.030403236,0.17920707,0.0513716,0.13750945973519105,1.4056787,5.3264422
183,3.4698708,1.0143164,71.04683,35.17035,0.0858872,0.027111847,0.25783032,0.046644934,0.28412277521607743,1.2037659,4.1522436
184,23.67752,4.66441,32.816998,28.71551,0.13455985,0.029301353,0.09034708,0.047728937,-0.002911766918403129,3.1453931,3.2130883
185,2.5529294,1.0610852,121.08825,45.8952,-0.17512515,0.02902797,0.26104394,0.04971917,0.32902659732505524,0.85647947,4.729845
186,12.088852,2.0115678,30.015938,23.384937,-0.12889832,0.029943082,0.03146298,0.047797054,-0.06359912114442372,2.478659,3.1671283
187,6.1859803,1.2116045,63.6893,40.026936,-0.06837598,0.02858302,0.29007956,0.050302025,0.3570728106222335,1.8033128,3.9838407
188,23.164898,4.6790075,63.886883,67.16511,0.16660564,0.030261906,0.07465074,0.046913486,-0.039925139051806995,3.122681,3.7729292
189,12.442547,1.9157454,45.020294,40.52722,0.21479264,0.02789109,0.19852199,0.04664393,0.13906352264554725,2.5093808,3.5157356
190,2.4495447,0.9678398,67.69016,29.618242,-0.18299279,0.029111233,0.25895834,0.04795942,0.3284996426703281,0.82461375,4.128204
191,6.3950386,1.5241491,185.93185,122.96633,0.033867113,0.028088244,0.1760367,0.04928819,0.1376845430931141,1.8275275,5.048085
192,4.5829525,1.1301271,27.4444,17.318235,-0.13547353,0.028854406,0.13885474,0.047844015,0.12975157529440054,1.4930228,3.1533637
193,4.095869,1.0476415,38.08551,20.9886,-0.3426087,0.03078764,0.16836996,0.04923311,0.22678431986144626,1.378186,3.5043497
194,5.023314,1.0733651,18.768974,11.256817,0.027913881,0.029463233,0.051992103,0.047313455,-0.06499310137775202,1.5915903,2.7769184
195,5.171614,1.0408027,46.501045,30.13941,0.008275852,0.028456973,0.2614717,0.04758438,0.3068400306106265,1.6232567,3.6650298
196,1.9765438,0.7908278,59.791878,27.905727,-0.04471464,0.03004952,0.27577984,0.051334947,0.3158579636535394,0.6042772,3.9897897
197,1.0609471,0.5196982,19.914316,11.805719,-0.2316718,0.026830457,0.20021293,0.04572428,0.2171072151555974,-0.047859002,2.8372772
198,2.9847257,1.0023772,49.328075,27.690273,0.14802289,0.027330391,0.2757802,0.044788655,0.3052382401952867,1.0396074,3.7604394
199,10.192984,1.8582054,114.886,111.697105,0.210149,0.028716046,0.15092541,0.04882134,0.06713648466701835,2.305287,4.381642
200,2.4712558,0.9058943,19.693281,12.113264,0.6337527,0.029295733,0.034797072,0.047489706,-0.1915535872870342,0.8394705,2.820876
201,3.2535298,0.94497514,32.264454,18.43172,-0.16595566,0.03126725,0.18683225,0.04822822,0.20603083830832947,1.1387824,3.342228
202,5.509503,1.2292489,34.483204,22.224718,0.017057506,0.029800808,0.1544248,0.047736555,0.11327011869224822,1.6820289,3.3673077
203,7.8714604,1.2650293,34.71359,24.271275,0.13222022,0.029712187,0.1811919,0.047238443,0.12976789973386613,2.0505295,3.3437586
204,2.2133348,0.87810373,57.772118,26.621754,0.028633583,0.028932719,0.27756846,0.049039822,0.28941180497427677,0.72056055,3.9597902
205,2.170289,0.93672687,120.62824,48.425926,0.22099392,0.028498637,0.35805222,0.048081722,0.427186215576656,0.6893946,4.717454
206,23.803278,4.6295094,58.965652,65.66583,-0.18515041,0.03017341,0.1007492,0.050020438,0.05418058785364217,3.1514542,3.7200756
207,11.127259,1.8521378,90.765114,102.27813,0.15410924,0.029293396,0.17958072,0.04876563,0.12622268793921296,2.3957272,4.1173105
208,2.1217904,0.82576305,35.07486,20.03808,0.079512484,0.030372832,0.28493235,0.046692707,0.3272228323973411,0.6820107,3.4175105
209,6.316343,1.1928554,21.421497,12.672277,0.029079815,0.029027706,0.1086706,0.04870103,0.024537579460848422,1.8255957,2.907584
210,4.1690316,0.96445197,19.954527,12.05072,-0.14155091,0.030675722,-0.08923402,0.04676826,-0.25904834186075587,1.4016993,2.838855
211,2.0427816,0.9488737,72.42076,32.4396,-0.17438076,0.02722758,0.30035272,0.047459673,0.40565844633229675,0.61899835,4.1881437
212,1.3645695,0.6578941,47.423042,22.739737,-0.29247513,0.030497989,0.21790633,0.04723639,0.2505649832031478,0.20415579,3.7530634
213,6.685512,1.1885191,38.223274,26.186964,0.045391,0.029379474,0.19962692,0.04789312,0.21151020068846862,1.8845124,3.4391506
214,1.7101339,0.76000637,35.668324,18.464762,0.079411715,0.029049054,0.29022604,0.05105085,0.32755993988519116,0.44506538,3.4537308
215,7.5806026,1.4717084,115.588974,97.0091,0.070932895,0.027796095,0.22392127,0.046658717,0.20025488305664677,2.0070755,4.4827185
216,6.22836,1.4087956,155.31886,104.23284,0.33084777,0.030663244,0.26576442,0.050328244,0.24390059817753632,1.8044518,4.8548145
217,3.7610812,0.9934951,21.622425,12.787251,0.30322587,0.02943439,-0.082910195,0.05060975,-0.33839590612346626,1.2912648,2.9229243
218,1.703009,0.77560085,49.980984,24.261316,-0.10035165,0.029831404,0.30553642,0.04791768,0.377446742559616,0.44011933,3.8048494
219,5.724306,1.2149034,50.051785,33.333515,-0.03138074,0.02849516,0.26108366,0.046132978,0.2836540097012237,1.7227658,3.7352839
220,4.205009,1.3363541,196.64789,98.67413,-0.050564937,0.030823674,0.10124851,0.048871197,0.04279353754132937,1.3898214,5.1674795
221,7.001139,1.324445,29.550812,23.154453,-0.0381152,0.027746046,0.12736687,0.047736276,0.07500157647655568,1.928428,3.1618137
222,6.7731133,1.3235433,88.25935,61.870987,0.06966052,0.027669258,0.2717557,0.049682677,0.3037013454681677,1.8943024,4.281123
223,2.551058,0.879309,19.149956,11.909123,0.44224125,0.027191676,0.16555108,0.04405858,0.0675115004474672,0.8804357,2.7953799
224,1.1661433,0.5864215,15.650595,9.197605,-0.095483415,0.030135183,0.07691592,0.04769022,0.02795058228925017,0.040038947,2.6034906
225,1.977969,0.79280967,40.57741,23.370222,-0.039080046,0.029292118,0.33655417,0.04523675,0.43114411772434463,0.60708815,3.559642
226,23.672167,4.6180167,41.63949,38.591896,0.032164153,0.029930219,0.12596372,0.045316838,0.05818755063343468,3.1456025,3.4157345
227,4.0672064,1.0488797,21.66932,14.28161,-0.012645154,0.02867174,0.1690843,0.049414013,0.14130107113079945,1.3706313,2.9038668
228,5.0116267,1.1760981,83.589386,50.005856,-0.11958047,0.02731635,0.19909719,0.0478085,0.203763193333583,1.5849655,4.274661
229,1.6581706,0.76550907,47.705257,23.527397,-0.06902278,0.026894689,0.284612,0.045106173,0.3534786101435121,0.41183382,3.7583127
230,6.5545497,1.3726604,49.124493,34.395313,0.10307725,0.029172795,0.27804723,0.049374092,0.3137501062812225,1.8585237,3.698806
231,2.4709249,0.963994,43.98564,21.944513,-0.13463043,0.028913276,0.25602058,0.04789919,0.2972474359116892,0.83469605,3.6702685
232,4.855566,1.0621327,20.737312,12.6759615,-0.1295959,0.026748382,-0.01688016,0.044787936,-0.13739777725509805,1.5567901,2.8721542
233,1.849979,0.9172347,164.12001,56.67003,-0.072457306,0.031803325,0.28936467,0.04908515,0.3565334126137094,0.501654,5.0445476
234,8.574928,1.4918174,80.421936,65.41006,0.221515,0.027878411,0.3428142,0.047885407,0.38008207400352817,2.1339605,4.122474
235,2.6660762,0.90662795,27.850965,17.54899,-0.06551354,0.028221194,0.057455547,0.047376264,-0.01809345090969737,0.9253718,3.1599448
236,4.6423955,1.2149575,73.79122,38.904957,-0.07295935,0.029835777,0.2919619,0.048833095,0.3711553394832718,1.5020345,4.1779494
237,2.4029067,0.9862555,95.31331,40.019577,0.0867765,0.028494885,0.29536676,0.050468378,0.3408500461073993,0.80144775,4.4767995
238,0.9442332,0.45992216,15.40936,9.263533,-0.17082112,0.028524926,0.18382263,0.047206488,0.19152492880821206,-0.16899072,2.573616
239,3.7539914,0.94787514,27.15677,14.688931,-0.14462064,0.02640068,0.043682937,0.04722516,-0.03519857295676757,1.291587,3.1733956
240,9.324889,1.4636552,30.840103,23.049025,0.04192782,0.029333286,0.15708247,0.045885038,0.11136948806489995,2.220668,3.2106454
241,2.6138296,0.90639526,68.351135,31.342455,-0.15429331,0.030273616,0.274583,0.04700392,0.3644144371477443,0.9046118,4.1244745
242,2.9692702,0.99952316,87.088356,39.512962,-0.08279754,0.029686704,0.2868329,0.04798547,0.37326508449796525,1.0339848,4.3736734
243,7.6194196,1.4219795,53.779392,38.906216,0.059650786,0.02867148,0.16077574,0.047075387,0.10641015073185743,2.013746,3.767961
244,1.8456657,0.8309903,71.08424,29.43264,-0.05735632,0.027110102,0.28114364,0.0497871,0.35058633409690915,0.51994896,4.18438
245,8.974782,1.393657,26.456898,18.433336,0.15970577,0.028642742,0.16112511,0.048067275,0.08486553831767137,2.1824658,3.075448
246,9.722472,1.6994393,43.155643,36.503986,-0.07628159,0.02981347,0.20278326,0.04879385,0.1932777343892021,2.2592812,3.495418
247,5.958298,1.0475336,17.130203,9.936436,-0.011882513,0.028686998,0.017389951,0.045410644,-0.10362266746353112,1.7695394,2.691872
248,3.1281755,0.9563223,41.119583,22.783176,-0.060838606,0.02854307,0.19560516,0.0468279,0.1783203551099121,1.0956448,3.584765
249,2.260334,0.9583186,57.563335,26.713438,-0.10225623,0.029554192,0.251776,0.04717132,0.2920236402321002,0.7333393,3.9567995
250,3.8562908,1.0554303,31.70762,20.179604,-0.27097887,0.02976773,0.15650317,0.048133347,0.17108199986397088,1.3143398,3.2920816
251,1.5125014,0.68716437,43.022095,21.37839,-0.20646314,0.028702809,0.1500172,0.046944972,0.1497594987963379,0.32326385,3.6487877
252,3.097489,1.0072318,44.643616,23.323423,-0.09273986,0.028294459,0.21332036,0.049846034,0.23297850877134949,1.0811937,3.6761706
253,6.742428,1.2740391,84.59018,61.5431,-0.07462747,0.028272862,0.31842196,0.0467228,0.4005602830931613,1.890741,4.230414
254,3.4557257,1.1521771,22.978018,13.646566,-0.15703243,0.030405574,0.06895781,0.04788789,0.0032935877674745103,1.1865244,2.98781
255,1.9566599,0.86007935,17.944202,11.038777,-0.037563343,0.027560027,0.040333014,0.048793994,-0.06372279915350537,0.58373505,2.7291474
256,6.046244,1.1288422,29.870533,19.57108,0.13211872,0.02929528,0.114113726,0.047820345,0.035715490799671484,1.7819072,3.2266607
257,4.391752,1.0544734,36.657776,22.33606,0.79556364,0.030529395,0.20402384,0.048494376,0.052041310723170454,1.452168,3.4414227
258,2.1388032,0.8565867,40.87286,21.407299,-0.14125456,0.028504588,0.21915011,0.04624852,0.26386476134275916,0.6878921,3.5922203
259,12.44491,2.107203,57.58845,52.76649,0.07233346,0.0290865,0.17951417,0.049398348,0.15511182533415635,2.5071561,3.750972
260,4.6060266,1.2099822,105.25665,51.500027,0.048967075,0.028355429,0.2359848,0.042865124,0.2538913686819275,1.4939015,4.548392
261,1.9511802,0.81878364,49.265423,22.32608,-0.04071047,0.028135853,0.3486374,0.047331445,0.45175448670632157,0.58390766,3.8041987
262,7.8748903,1.2417886,25.264397,17.548365,0.22166498,0.027615331,0.20733015,0.046109013,0.168874543623894,2.0513992,3.0327344
263,13.014772,2.107176,32.362717,27.288042,0.08461799,0.028196728,0.07159928,0.04719999,-0.03566977468847931,2.5530906,3.221888
264,3.0681887,0.9736729,30.837343,17.927914,-0.20493323,0.031734608,0.068668716,0.047710296,0.010403381441853824,1.0725741,3.285333
265,1.9664083,0.84389246,53.93778,26.744654,0.045309655,0.031093953,0.28588802,0.048962545,0.33826329918189807,0.5932767,3.8797522
266,2.979269,0.9968487,60.715347,30.586828,-0.0655553,0.02930909,0.30303827,0.048523903,0.3714899739470205,1.0379634,3.99024
267,2.7781963,0.92839134,25.98223,14.577797,-0.22983244,0.031392008,0.123017676,0.048876256,0.12406164454144229,0.96831816,3.1199942
268,11.086417,1.8974851,24.43998,16.892464,0.02498553,0.030945448,0.07861522,0.04804725,-0.01676988953050596,2.3914666,3.0051281
269,3.7620754,1.1956629,93.89053,42.494797,-0.008308356,0.028887136,0.33367997,0.04798345,0.42884743623925303,1.276163,4.4464903
270,39.187553,12.362093,60.31527,60.60471,0.24232937,0.029959448,0.16736726,0.04832439,0.07351237421334338,3.6205502,3.7197561
271,2.1056974,0.84836465,34.91654,18.983614,-0.14407279,0.028468374,0.21273859,0.04909169,0.23579511475316559,0.6668465,3.4212165
272,6.476627,1.1988276,66.51096,52.193825,0.1149149,0.02894727,0.18254806,0.045885876,0.1511175810563799,1.851042,3.9767694
273,9.424213,1.6062974,76.59036,72.8581,0.09224191,0.029051432,0.1727721,0.049097385,0.1301626508980083,2.2290094,4.0200624
274,4.106736,1.241454,150.24414,71.39108,-0.022624923,0.03030672,0.33000767,0.05199076,0.4048352206154149,1.3694688,4.9124675
275,11.140548,1.83107,32.66014,24.897894,0.012479583,0.027908409,0.20329413,0.046232924,0.19954956503195168,2.397172,3.2486181
276,4.753961,1.1109592,25.372936,16.829384,-0.10944547,0.027202753,0.094400965,0.048346482,0.024162681729285877,1.5322883,3.05847
277,5.1465273,1.1722186,63.602657,37.20451,-0.029483285,0.028669327,0.22631697,0.04680097,0.25540654406156305,1.6133296,4.0128436
278,1.2013153,0.5601325,19.303694,11.175558,-0.004423383,0.027157048,0.052970015,0.045856506,-0.05259392980376129,0.08300581,2.809507
279,2.8402584,1.0231422,103.68027,41.13357,-0.17039827,0.028885791,0.18479446,0.046678398,0.20053326528198184,0.9843289,4.565821
280,5.582811,1.4388387,81.04677,53.423473,-0.002795603,0.033448618,0.26083073,0.05319526,0.2957254385322172,1.6880145,4.2173824
281,5.951299,1.1029991,29.062925,18.64083,0.11396117,0.028861918,0.22895038,0.046261195,0.22028243676802972,1.7666693,3.1940782
282,8.776079,1.5420556,55.67024,43.285828,0.10572408,0.027652085,0.21404427,0.04676645,0.19148299067234117,2.1568356,3.7905347
283,2.6066594,1.0517758,92.17316,36.565292,-0.17594628,0.030159116,0.36682916,0.047191102,0.5074100399823788,0.88149774,4.451316
284,41.27893,13.395854,62.752926,60.63329,0.17318751,0.027606381,0.048101354,0.04973587,-0.09556412360148642,3.6701849,3.7800143
285,2.5974975,1.1648566,204.8822,80.99831,-0.168328,0.027375516,0.22618103,0.046395846,0.2711368900834427,0.8631006,5.250304
286,5.6359224,1.2205867,28.570717,17.971407,-0.062969156,0.028992578,0.13324255,0.04619486,0.1067848081038496,1.7066485,3.1828966
287,8.595064,1.3553945,32.348156,21.576836,-0.037757907,0.028410936,0.21135686,0.04697219,0.212603392436236,2.1389117,3.2838235
288,14.8475685,2.6382005,64.9157,65.512794,-0.0075097485,0.02838508,0.13164142,0.04911018,0.09786823242185762,2.6825209,3.8077965
289,2.0256097,0.8490022,115.61175,43.407818,-0.10508364,0.028787594,0.26715976,0.048378192,0.3364199337875049,0.6244779,4.6843495
290,6.959127,1.206369,38.561947,26.914835,-0.11149682,0.0297377,0.18588065,0.045718387,0.1971307883404951,1.9252199,3.4574056
291,3.200637,0.9366847,25.390417,14.589021,-0.113752775,0.02712926,0.014912966,0.04899458,-0.07170456026125756,1.1228238,3.0907001
292,23.669918,4.91115,40.22711,33.366035,0.04550365,0.028646471,0.063962,0.049537204,-0.03073655021967852,3.1430144,3.4289482
293,2.7023547,0.87898976,24.360456,15.839989,0.062808916,0.028995575,0.1179787,0.045993343,0.030615723775248554,0.94324744,3.0202575
