subj,n_trials,optimality_rate,overcautious_rate,overrisky_rate,subj_optimality_rate,subj_overcautious_rate,subj_overrisky_rate,total_ev_loss,mean_ev_loss,heavy_rate,survival_rate,total_earnings
1,45,0.7777777777777778,0.2222222222222222,0.0,0.7777777777777778,0.0,0.2222222222222222,5.438282342239581,0.12085071871643513,0.3333333333333333,0.9333333333333333,98
2,45,0.5333333333333333,0.4444444444444444,0.022222222222222223,0.8888888888888888,0.044444444444444446,0.06666666666666667,17.683100563663977,0.3929577903036439,0.13333333333333333,0.7777777777777778,43
3,45,0.6,0.26666666666666666,0.13333333333333333,0.6888888888888889,0.0,0.3111111111111111,12.96324949344572,0.28807221096546043,0.4222222222222222,0.5333333333333333,68
4,45,0.9333333333333333,0.06666666666666667,0.0,0.6222222222222222,0.0,0.37777777777777777,0.20886533651053352,0.0046414519224563,0.4888888888888889,0.8222222222222222,109
5,45,0.7111111111111111,0.06666666666666667,0.2222222222222222,0.4,0.0,0.6,10.304683443762206,0.22899296541693792,0.7111111111111111,0.5111111111111111,91
6,45,0.7333333333333333,0.24444444444444444,0.022222222222222223,0.7777777777777778,0.0,0.2222222222222222,7.184380047294568,0.1596528899398793,0.3333333333333333,0.9555555555555556,99
7,45,0.6888888888888889,0.24444444444444444,0.06666666666666667,0.7333333333333333,0.0,0.26666666666666666,9.697066821488262,0.21549037381085026,0.37777777777777777,0.8,88
8,45,0.5333333333333333,0.4444444444444444,0.022222222222222223,0.8888888888888888,0.044444444444444446,0.06666666666666667,18.508448736039064,0.4112988608008681,0.13333333333333333,0.6,47
9,45,0.6222222222222222,0.26666666666666666,0.1111111111111111,0.5777777777777777,0.06666666666666667,0.35555555555555557,18.27238408650446,0.40605297970009907,0.4,0.4666666666666667,61
10,45,0.7777777777777778,0.2222222222222222,0.0,0.7777777777777778,0.0,0.2222222222222222,4.356795913295666,0.0968176869621259,0.3333333333333333,0.6,79
11,45,0.6888888888888889,0.2222222222222222,0.08888888888888889,0.6888888888888889,0.0,0.3111111111111111,10.586769976464403,0.23526155503254229,0.4222222222222222,0.4888888888888889,70
12,45,0.6666666666666666,0.3111111111111111,0.022222222222222223,0.8444444444444444,0.0,0.15555555555555556,8.685976171576996,0.19302169270171102,0.26666666666666666,0.9111111111111111,85
13,45,0.7111111111111111,0.15555555555555556,0.13333333333333333,0.5777777777777777,0.0,0.4222222222222222,8.701733522330318,0.19337185605178486,0.5333333333333333,0.6888888888888889,99
14,45,0.9333333333333333,0.044444444444444446,0.022222222222222223,0.5777777777777777,0.0,0.4222222222222222,1.7075700306346868,0.037946000680770815,0.5333333333333333,0.8222222222222222,117
15,45,0.6,0.37777777777777777,0.022222222222222223,0.7777777777777778,0.06666666666666667,0.15555555555555556,17.021867532815264,0.37826372295145033,0.2,0.9777777777777777,76
16,45,0.4444444444444444,0.5333333333333333,0.022222222222222223,0.8444444444444444,0.1111111111111111,0.044444444444444446,23.984579027898903,0.5329906450644201,0.044444444444444446,0.6888888888888889,35
17,45,0.8444444444444444,0.15555555555555556,0.0,0.7111111111111111,0.0,0.28888888888888886,1.765118607049522,0.039224857934433824,0.4,0.8444444444444444,94
18,45,0.8,0.13333333333333333,0.06666666666666667,0.6222222222222222,0.0,0.37777777777777777,5.0486412776647756,0.11219202839255057,0.4888888888888889,0.8444444444444444,102
19,45,0.8222222222222222,0.17777777777777778,0.0,0.7333333333333333,0.0,0.26666666666666666,2.340647019463547,0.05201437821030104,0.37777777777777777,0.6666666666666666,78
20,45,0.8666666666666667,0.13333333333333333,0.0,0.6888888888888889,0.0,0.3111111111111111,1.1498462980065112,0.02555213995570025,0.4222222222222222,0.6888888888888889,87
21,45,0.7777777777777778,0.13333333333333333,0.08888888888888889,0.6,0.0,0.4,6.528724849765188,0.1450827744392264,0.5111111111111111,0.9111111111111111,117
22,45,0.8666666666666667,0.06666666666666667,0.06666666666666667,0.5555555555555556,0.0,0.4444444444444444,2.9337967869514836,0.06519548415447741,0.5555555555555556,0.8666666666666667,123
23,45,0.7555555555555555,0.13333333333333333,0.1111111111111111,0.5777777777777777,0.0,0.4222222222222222,6.29841390137711,0.13996475336393577,0.5333333333333333,0.6,87
24,45,0.7777777777777778,0.022222222222222223,0.2,0.37777777777777777,0.0,0.6222222222222222,8.183679333249296,0.18185954073887325,0.7333333333333333,0.7333333333333333,137
25,45,0.7777777777777778,0.2222222222222222,0.0,0.7777777777777778,0.0,0.2222222222222222,4.356795913295666,0.0968176869621259,0.3333333333333333,0.9333333333333333,94
26,45,0.6666666666666666,0.3111111111111111,0.022222222222222223,0.7555555555555555,0.044444444444444446,0.2,12.18889916539359,0.2708644258976353,0.26666666666666666,0.8222222222222222,85
27,45,0.6888888888888889,0.28888888888888886,0.022222222222222223,0.7333333333333333,0.044444444444444446,0.2222222222222222,11.372197128991015,0.2527154917553559,0.28888888888888886,0.7333333333333333,73
28,45,0.8222222222222222,0.17777777777777778,0.0,0.7333333333333333,0.0,0.26666666666666666,2.7533211056510885,0.061184913458913075,0.37777777777777777,0.7777777777777778,95
29,45,0.6888888888888889,0.13333333333333333,0.17777777777777778,0.4666666666666667,0.022222222222222223,0.5111111111111111,10.506773448973174,0.23348385442162609,0.6,0.6444444444444445,89
30,45,0.8,0.13333333333333333,0.06666666666666667,0.6222222222222222,0.0,0.37777777777777777,4.194219287245364,0.09320487304989697,0.4888888888888889,0.5777777777777777,78
31,45,0.6666666666666666,0.13333333333333333,0.2,0.4888888888888889,0.0,0.5111111111111111,10.53169502155934,0.2340376671457631,0.6222222222222222,0.4666666666666667,77
32,45,0.5555555555555556,0.4444444444444444,0.0,0.8666666666666667,0.06666666666666667,0.06666666666666667,16.59084947431072,0.36868554387357155,0.1111111111111111,0.9333333333333333,54
33,45,0.9333333333333333,0.0,0.06666666666666667,0.4888888888888889,0.0,0.5111111111111111,2.833080903698095,0.06295735341551321,0.6222222222222222,0.7333333333333333,125
34,45,0.6888888888888889,0.26666666666666666,0.044444444444444446,0.7777777777777778,0.0,0.2222222222222222,8.744012657570277,0.1943113923904506,0.3333333333333333,0.6666666666666666,62
35,45,0.4666666666666667,0.5333333333333333,0.0,0.8666666666666667,0.1111111111111111,0.022222222222222223,23.984499058753123,0.5329888679722916,0.022222222222222223,0.5333333333333333,28
36,45,0.6888888888888889,0.2,0.1111111111111111,0.6444444444444445,0.0,0.35555555555555557,6.822538850559955,0.15161197445688787,0.4666666666666667,0.6888888888888889,79
37,45,0.5333333333333333,0.4666666666666667,0.0,0.8888888888888888,0.06666666666666667,0.044444444444444446,19.61886301824991,0.4359747337388869,0.08888888888888889,0.9555555555555556,51
38,45,0.8666666666666667,0.13333333333333333,0.0,0.6888888888888889,0.0,0.3111111111111111,2.840286539385663,0.06311747865301473,0.4222222222222222,0.6888888888888889,83
39,45,0.5333333333333333,0.1111111111111111,0.35555555555555557,0.3111111111111111,0.0,0.6888888888888889,18.20073444295136,0.4044607653989191,0.8,0.6,107
40,45,0.7777777777777778,0.08888888888888889,0.13333333333333333,0.5111111111111111,0.0,0.4888888888888889,6.493656484227388,0.14430347742727528,0.6,0.7111111111111111,104
41,45,0.5333333333333333,0.4222222222222222,0.044444444444444446,0.8,0.06666666666666667,0.13333333333333333,18.837587016707094,0.4186130448157132,0.17777777777777778,0.7111111111111111,48
42,45,0.7555555555555555,0.1111111111111111,0.13333333333333333,0.5333333333333333,0.0,0.4666666666666667,8.49913895571478,0.18886975457143956,0.5777777777777777,0.5555555555555556,85
43,45,0.4888888888888889,0.4888888888888889,0.022222222222222223,0.8,0.1111111111111111,0.08888888888888889,23.128184477820056,0.5139596550626679,0.08888888888888889,0.6,31
44,45,0.7111111111111111,0.24444444444444444,0.044444444444444446,0.7555555555555555,0.0,0.24444444444444444,8.463146519905454,0.18806992266456565,0.35555555555555557,0.7777777777777778,79
45,45,0.6,0.35555555555555557,0.044444444444444446,0.8666666666666667,0.0,0.13333333333333333,10.3785815696314,0.2306351459918089,0.24444444444444444,0.8888888888888888,72
46,45,0.7333333333333333,0.26666666666666666,0.0,0.8222222222222222,0.0,0.17777777777777778,5.13492254856516,0.11410938996811466,0.28888888888888886,0.9111111111111111,85
47,45,0.6888888888888889,0.15555555555555556,0.15555555555555556,0.4666666666666667,0.044444444444444446,0.4888888888888889,12.795298087684188,0.2843399575040931,0.5555555555555556,0.6444444444444445,81
48,45,0.7333333333333333,0.26666666666666666,0.0,0.8222222222222222,0.0,0.17777777777777778,5.469328719943347,0.12154063822096325,0.28888888888888886,0.6888888888888889,79
49,45,0.8,0.17777777777777778,0.022222222222222223,0.6666666666666666,0.022222222222222223,0.3111111111111111,5.043951133894684,0.11208780297543741,0.4,0.9111111111111111,101
50,45,0.6888888888888889,0.26666666666666666,0.044444444444444446,0.7777777777777778,0.0,0.2222222222222222,7.677490861206645,0.17061090802681433,0.3333333333333333,0.8222222222222222,73
51,45,0.8444444444444444,0.0,0.15555555555555556,0.4,0.0,0.6,6.197023127593407,0.13771162505763127,0.7111111111111111,0.8222222222222222,133
52,45,0.5555555555555556,0.37777777777777777,0.06666666666666667,0.7333333333333333,0.06666666666666667,0.2,19.230029674078565,0.42733399275730144,0.24444444444444444,0.4888888888888889,46
53,45,0.6444444444444445,0.35555555555555557,0.0,0.8666666666666667,0.022222222222222223,0.1111111111111111,10.769628319809126,0.23932507377353612,0.2,0.6888888888888889,63
54,45,0.8,0.13333333333333333,0.06666666666666667,0.5777777777777777,0.022222222222222223,0.4,6.915669642963102,0.15368154762140226,0.4888888888888889,0.6888888888888889,99
55,45,0.4888888888888889,0.4888888888888889,0.022222222222222223,0.8,0.1111111111111111,0.08888888888888889,23.614944552691362,0.5247765456153636,0.08888888888888889,0.9555555555555556,55
56,45,0.8222222222222222,0.17777777777777778,0.0,0.7333333333333333,0.0,0.26666666666666666,4.139284440812622,0.09198409868472493,0.37777777777777777,0.5777777777777777,78
57,45,0.5777777777777777,0.28888888888888886,0.13333333333333333,0.6666666666666666,0.022222222222222223,0.3111111111111111,15.434862914757922,0.34299695366128713,0.4,0.8444444444444444,82
58,45,0.6444444444444445,0.26666666666666666,0.08888888888888889,0.7333333333333333,0.0,0.26666666666666666,9.673536022081247,0.21496746715736106,0.37777777777777777,0.4666666666666667,65
59,45,0.6888888888888889,0.24444444444444444,0.06666666666666667,0.7333333333333333,0.0,0.26666666666666666,8.172793867140403,0.18161764149200896,0.37777777777777777,0.6,75
60,45,0.8,0.08888888888888889,0.1111111111111111,0.5333333333333333,0.0,0.4666666666666667,6.8121931590315725,0.1513820702007016,0.5777777777777777,0.5111111111111111,99
61,45,0.7333333333333333,0.24444444444444444,0.022222222222222223,0.6888888888888889,0.044444444444444446,0.26666666666666666,11.24791820389761,0.24995373786439135,0.3333333333333333,0.6,67
62,45,0.7333333333333333,0.0,0.26666666666666666,0.28888888888888886,0.0,0.7111111111111111,10.627632018155387,0.23616960040345303,0.8222222222222222,0.5111111111111111,107
63,45,0.9111111111111111,0.06666666666666667,0.022222222222222223,0.6,0.0,0.4,1.8853412627286759,0.04189647250508169,0.5111111111111111,0.7111111111111111,96
64,45,0.5111111111111111,0.4444444444444444,0.044444444444444446,0.8222222222222222,0.06666666666666667,0.1111111111111111,21.103603397213053,0.4689689643825123,0.15555555555555556,0.4666666666666667,41
65,45,0.6,0.35555555555555557,0.044444444444444446,0.8222222222222222,0.022222222222222223,0.15555555555555556,14.363801522946737,0.31919558939881637,0.24444444444444444,0.8666666666666667,71
66,45,0.6888888888888889,0.022222222222222223,0.28888888888888886,0.28888888888888886,0.0,0.7111111111111111,12.027632026519932,0.26728071170044293,0.8222222222222222,0.5111111111111111,111
67,45,0.7333333333333333,0.06666666666666667,0.2,0.4222222222222222,0.0,0.5777777777777777,10.037516511981543,0.22305592248847875,0.6888888888888889,0.5555555555555556,89
68,45,0.7777777777777778,0.08888888888888889,0.13333333333333333,0.5111111111111111,0.0,0.4888888888888889,7.240753916237593,0.16090564258305762,0.6,0.6,91
69,45,0.8,0.06666666666666667,0.13333333333333333,0.4888888888888889,0.0,0.5111111111111111,6.832574592165271,0.151834990937006,0.6222222222222222,0.5777777777777777,94
70,45,0.4888888888888889,0.4666666666666667,0.044444444444444446,0.8444444444444444,0.06666666666666667,0.08888888888888889,20.33291237109453,0.451842497135434,0.13333333333333333,0.6,39
71,45,0.6888888888888889,0.2222222222222222,0.08888888888888889,0.6888888888888889,0.0,0.3111111111111111,11.028517880696274,0.24507817512658386,0.4222222222222222,0.4888888888888889,70
72,45,0.4666666666666667,0.5333333333333333,0.0,0.8666666666666667,0.1111111111111111,0.022222222222222223,23.984499058753123,0.5329888679722916,0.022222222222222223,0.9555555555555556,47
73,45,0.7333333333333333,0.26666666666666666,0.0,0.7777777777777778,0.022222222222222223,0.2,7.228272533141785,0.1606282785142619,0.28888888888888886,0.8444444444444444,86
74,45,0.5111111111111111,0.4666666666666667,0.022222222222222223,0.9111111111111111,0.044444444444444446,0.044444444444444446,18.484837967486268,0.4107741770552504,0.1111111111111111,0.6,47
75,45,0.7555555555555555,0.2222222222222222,0.022222222222222223,0.7111111111111111,0.022222222222222223,0.26666666666666666,7.30127365171535,0.16225052559367445,0.35555555555555557,0.6666666666666666,78
76,45,0.6444444444444445,0.2222222222222222,0.13333333333333333,0.6,0.022222222222222223,0.37777777777777777,14.86831064875051,0.3304069033055669,0.4666666666666667,0.7111111111111111,84
77,45,0.4222222222222222,0.5555555555555556,0.022222222222222223,0.8666666666666667,0.1111111111111111,0.022222222222222223,25.85290312924208,0.5745089584276017,0.022222222222222223,0.8444444444444444,42
78,45,0.8444444444444444,0.15555555555555556,0.0,0.7111111111111111,0.0,0.28888888888888886,2.683699326814244,0.05963776281809431,0.4,0.7777777777777778,99
79,45,0.6888888888888889,0.044444444444444446,0.26666666666666666,0.3333333333333333,0.0,0.6666666666666666,11.940739105046392,0.2653497578899198,0.7777777777777778,0.6,107
80,45,0.6444444444444445,0.35555555555555557,0.0,0.8222222222222222,0.044444444444444446,0.13333333333333333,12.115898046820021,0.2692421788182227,0.2,0.8,60
81,45,0.8888888888888888,0.08888888888888889,0.022222222222222223,0.6222222222222222,0.0,0.37777777777777777,3.3260094708595487,0.07391132157465664,0.4888888888888889,0.5111111111111111,83
82,45,0.5333333333333333,0.4222222222222222,0.044444444444444446,0.8444444444444444,0.044444444444444446,0.1111111111111111,16.33156294594293,0.36292362102095405,0.17777777777777778,0.6,43
83,45,0.5777777777777777,0.0,0.4222222222222222,0.13333333333333333,0.0,0.8666666666666667,16.905323546265464,0.37567385658367697,0.9777777777777777,0.4666666666666667,105
84,45,0.7777777777777778,0.2222222222222222,0.0,0.7777777777777778,0.0,0.2222222222222222,3.5314477409205827,0.07847661646490184,0.3333333333333333,1.0,105
85,45,0.7555555555555555,0.2,0.044444444444444446,0.7111111111111111,0.0,0.28888888888888886,5.27227864973978,0.11716174777199512,0.4,0.8222222222222222,89
86,45,0.8444444444444444,0.0,0.15555555555555556,0.4,0.0,0.6,6.319329493027375,0.14042954428949722,0.7111111111111111,0.7777777777777778,139
87,45,0.8666666666666667,0.044444444444444446,0.08888888888888889,0.5111111111111111,0.0,0.4888888888888889,3.916684762604482,0.08703743916898848,0.6,0.8222222222222222,117
88,45,0.7111111111111111,0.28888888888888886,0.0,0.8444444444444444,0.0,0.15555555555555556,6.271066123765635,0.1393570249725697,0.26666666666666666,0.9111111111111111,77
89,45,0.6444444444444445,0.3333333333333333,0.022222222222222223,0.8666666666666667,0.0,0.13333333333333333,10.647467919152554,0.23661039820339008,0.24444444444444444,0.7555555555555555,62
90,45,0.7555555555555555,0.06666666666666667,0.17777777777777778,0.4,0.022222222222222223,0.5777777777777777,9.673181947043659,0.21495959882319243,0.6666666666666666,0.8444444444444444,134
91,45,0.6444444444444445,0.0,0.35555555555555557,0.2,0.0,0.8,14.255285804911733,0.3167841289980385,0.9111111111111111,0.7555555555555555,154
92,45,0.7555555555555555,0.08888888888888889,0.15555555555555556,0.4444444444444444,0.022222222222222223,0.5333333333333333,9.375061841186618,0.20833470758192485,0.6222222222222222,0.8,124
93,45,0.6888888888888889,0.1111111111111111,0.2,0.4222222222222222,0.022222222222222223,0.5555555555555556,13.05296600862512,0.2900659113027804,0.6444444444444445,0.7333333333333333,109
94,45,0.7333333333333333,0.26666666666666666,0.0,0.8222222222222222,0.0,0.17777777777777778,5.13492254856516,0.11410938996811466,0.28888888888888886,0.6222222222222222,68
95,45,0.7555555555555555,0.24444444444444444,0.0,0.8,0.0,0.2,4.745859230930413,0.10546353846512029,0.3111111111111111,0.9111111111111111,97
96,45,0.6888888888888889,0.044444444444444446,0.26666666666666666,0.3333333333333333,0.0,0.6666666666666666,11.208623480060947,0.24908052177913215,0.7777777777777778,0.5777777777777777,110
97,45,0.6888888888888889,0.044444444444444446,0.26666666666666666,0.3333333333333333,0.0,0.6666666666666666,10.569610600150629,0.23488023555890286,0.7777777777777778,0.6,111
98,45,0.4444444444444444,0.5555555555555556,0.0,0.8888888888888888,0.1111111111111111,0.0,24.786236462575417,0.5508052547238982,0.0,0.9777777777777777,44
99,45,0.7333333333333333,0.24444444444444444,0.022222222222222223,0.7777777777777778,0.0,0.2222222222222222,5.1992775311662145,0.11553950069258255,0.3333333333333333,0.9333333333333333,90
100,45,0.7555555555555555,0.15555555555555556,0.08888888888888889,0.6222222222222222,0.0,0.37777777777777777,6.367147990664717,0.14149217757032703,0.4888888888888889,0.6222222222222222,88
101,45,0.6666666666666666,0.022222222222222223,0.3111111111111111,0.26666666666666666,0.0,0.7333333333333333,12.422030069106356,0.2760451126468079,0.8444444444444444,0.9333333333333333,182
102,45,0.7777777777777778,0.2222222222222222,0.0,0.7777777777777778,0.0,0.2222222222222222,4.356795913295666,0.0968176869621259,0.3333333333333333,0.7777777777777778,87
103,45,0.8,0.022222222222222223,0.17777777777777778,0.4,0.0,0.6,7.441396125196806,0.1653643583377068,0.7111111111111111,0.6,107
104,45,0.5333333333333333,0.4222222222222222,0.044444444444444446,0.7555555555555555,0.08888888888888889,0.15555555555555556,19.32862703289512,0.4295250451754471,0.17777777777777778,0.6444444444444445,45
105,45,0.8444444444444444,0.15555555555555556,0.0,0.7111111111111111,0.0,0.28888888888888886,1.5389096156412583,0.03419799145869463,0.4,0.8444444444444444,94
106,45,0.7777777777777778,0.06666666666666667,0.15555555555555556,0.4666666666666667,0.0,0.5333333333333333,6.955785821592956,0.15457301825762124,0.6444444444444445,0.5333333333333333,96
107,45,0.8222222222222222,0.06666666666666667,0.1111111111111111,0.5111111111111111,0.0,0.4888888888888889,4.728459947179303,0.10507688771509562,0.6,0.8,116
108,45,0.7555555555555555,0.24444444444444444,0.0,0.8,0.0,0.2,5.0802654023086,0.11289478671796888,0.3111111111111111,0.8666666666666667,83
109,45,0.6444444444444445,0.26666666666666666,0.08888888888888889,0.6888888888888889,0.022222222222222223,0.28888888888888886,11.551411994991525,0.256698044333145,0.37777777777777777,0.6444444444444445,69
110,45,0.4666666666666667,0.5333333333333333,0.0,0.8666666666666667,0.1111111111111111,0.022222222222222223,23.237418801187395,0.516387084470831,0.022222222222222223,0.7111111111111111,32
111,45,0.7111111111111111,0.24444444444444444,0.044444444444444446,0.7111111111111111,0.022222222222222223,0.26666666666666666,9.381777528148522,0.20848394506996715,0.35555555555555557,0.5555555555555556,69
112,45,0.7555555555555555,0.2222222222222222,0.022222222222222223,0.7555555555555555,0.0,0.24444444444444444,4.367658588896137,0.09705907975324748,0.35555555555555557,0.8888888888888888,96
113,45,0.6888888888888889,0.17777777777777778,0.13333333333333333,0.5111111111111111,0.044444444444444446,0.4444444444444444,14.92058929530798,0.331568651006844,0.5111111111111111,0.7111111111111111,88
114,45,0.7111111111111111,0.24444444444444444,0.044444444444444446,0.6666666666666666,0.044444444444444446,0.28888888888888886,11.032571888089816,0.2451682641797737,0.35555555555555557,0.8888888888888888,92
115,45,0.7777777777777778,0.15555555555555556,0.06666666666666667,0.6444444444444445,0.0,0.35555555555555557,4.371990519339353,0.09715534487420785,0.4666666666666667,0.8888888888888888,108
116,45,0.6666666666666666,0.26666666666666666,0.06666666666666667,0.7111111111111111,0.022222222222222223,0.26666666666666666,12.37580757666011,0.27501794614800246,0.35555555555555557,0.9777777777777777,104
117,45,0.5111111111111111,0.4,0.08888888888888889,0.7333333333333333,0.06666666666666667,0.2,20.99109201171384,0.46646871137141865,0.24444444444444444,0.6222222222222222,56
118,45,0.7111111111111111,0.26666666666666666,0.022222222222222223,0.8,0.0,0.2,6.748095192554232,0.1499576709456496,0.3111111111111111,0.5555555555555556,65
119,45,0.5555555555555556,0.4444444444444444,0.0,0.8666666666666667,0.06666666666666667,0.06666666666666667,17.003523560498266,0.37785607912218366,0.1111111111111111,0.5777777777777777,42
120,45,0.8222222222222222,0.13333333333333333,0.044444444444444446,0.6444444444444445,0.0,0.35555555555555557,3.7856471580376363,0.08412549240083636,0.4666666666666667,0.8,100
121,45,0.6888888888888889,0.3111111111111111,0.0,0.8666666666666667,0.0,0.13333333333333333,9.711753753892365,0.215816750086497,0.24444444444444444,0.6666666666666666,70
122,45,0.8444444444444444,0.044444444444444446,0.1111111111111111,0.4888888888888889,0.0,0.5111111111111111,4.752895610580035,0.10561990245733412,0.6222222222222222,0.6222222222222222,100
123,45,0.6222222222222222,0.2222222222222222,0.15555555555555556,0.5777777777777777,0.022222222222222223,0.4,14.828385268230388,0.32951967262734194,0.4888888888888889,0.5555555555555556,69
124,45,0.4444444444444444,0.5555555555555556,0.0,0.8888888888888888,0.1111111111111111,0.0,24.786236462575417,0.5508052547238982,0.0,0.8444444444444444,38
125,45,0.7777777777777778,0.2,0.022222222222222223,0.7333333333333333,0.0,0.26666666666666666,6.29805623205515,0.1399568051567811,0.37777777777777777,0.7555555555555555,86
126,45,0.7555555555555555,0.2222222222222222,0.022222222222222223,0.7111111111111111,0.022222222222222223,0.26666666666666666,5.822077769164178,0.12937950598142617,0.35555555555555557,0.6222222222222222,80
127,45,0.6444444444444445,0.3111111111111111,0.044444444444444446,0.7777777777777778,0.022222222222222223,0.2,10.519085942604976,0.2337574653912217,0.28888888888888886,0.7111111111111111,68
128,45,0.6666666666666666,0.3111111111111111,0.022222222222222223,0.7555555555555555,0.044444444444444446,0.2,12.282131712783228,0.27293626028407175,0.26666666666666666,0.6222222222222222,64
129,45,0.8,0.17777777777777778,0.022222222222222223,0.7111111111111111,0.0,0.28888888888888886,3.285007320696245,0.07300016268213877,0.4,0.7111111111111111,88
130,45,0.7111111111111111,0.0,0.28888888888888886,0.26666666666666666,0.0,0.7333333333333333,11.694298684822053,0.25987330410715676,0.8444444444444444,0.6,131
131,45,0.7777777777777778,0.08888888888888889,0.13333333333333333,0.5111111111111111,0.0,0.4888888888888889,7.9729172679358165,0.17717593928746259,0.6,0.6888888888888889,107
132,45,0.7777777777777778,0.08888888888888889,0.13333333333333333,0.5111111111111111,0.0,0.4888888888888889,7.883801745514512,0.17519559434476695,0.6,0.5555555555555556,97
133,45,0.7777777777777778,0.08888888888888889,0.13333333333333333,0.5111111111111111,0.0,0.4888888888888889,6.381390006001908,0.1418086668000424,0.6,0.5555555555555556,93
134,45,0.4444444444444444,0.5333333333333333,0.022222222222222223,0.8444444444444444,0.1111111111111111,0.044444444444444446,25.66097498497127,0.570243888554917,0.044444444444444446,0.5333333333333333,24
135,45,0.8888888888888888,0.044444444444444446,0.06666666666666667,0.5333333333333333,0.0,0.4666666666666667,3.2917660001696865,0.07315035555932636,0.5777777777777777,0.8,116
136,45,0.8222222222222222,0.06666666666666667,0.1111111111111111,0.5111111111111111,0.0,0.4888888888888889,4.82251738941688,0.10716705309815287,0.6,0.8888888888888888,128
137,45,0.9111111111111111,0.044444444444444446,0.044444444444444446,0.5555555555555556,0.0,0.4444444444444444,1.8116652536247966,0.04025922785832881,0.5555555555555556,0.9111111111111111,129
138,45,0.6888888888888889,0.17777777777777778,0.13333333333333333,0.6,0.0,0.4,9.495914794304884,0.21102032876233076,0.5111111111111111,0.5333333333333333,72
139,45,0.5111111111111111,0.4444444444444444,0.044444444444444446,0.8222222222222222,0.06666666666666667,0.1111111111111111,20.597696763635874,0.45772659474746386,0.15555555555555556,0.9333333333333333,66
140,45,0.8,0.13333333333333333,0.06666666666666667,0.5777777777777777,0.022222222222222223,0.4,9.97807666190978,0.22173503693132846,0.4888888888888889,0.5777777777777777,86
141,45,0.6222222222222222,0.3333333333333333,0.044444444444444446,0.8444444444444444,0.0,0.15555555555555556,11.179154134197711,0.2484256474266158,0.26666666666666666,0.9111111111111111,85
142,45,0.7777777777777778,0.17777777777777778,0.044444444444444446,0.6888888888888889,0.0,0.3111111111111111,8.22439964494713,0.18276443655438068,0.4222222222222222,0.5555555555555556,81
143,45,0.7111111111111111,0.2,0.08888888888888889,0.6666666666666666,0.0,0.3333333333333333,6.841557713407274,0.15203461585349498,0.4444444444444444,0.8222222222222222,93
144,45,0.7555555555555555,0.17777777777777778,0.06666666666666667,0.5777777777777777,0.044444444444444446,0.37777777777777777,11.237333228473322,0.24971851618829605,0.4444444444444444,0.8,88
145,45,0.6888888888888889,0.022222222222222223,0.28888888888888886,0.28888888888888886,0.0,0.7111111111111111,11.599976133307628,0.25777724740683616,0.8222222222222222,0.5777777777777777,114
146,45,0.4666666666666667,0.5111111111111111,0.022222222222222223,0.8666666666666667,0.08888888888888889,0.044444444444444446,22.03377197158691,0.48963937714637573,0.06666666666666667,0.7111111111111111,40
147,45,0.7333333333333333,0.24444444444444444,0.022222222222222223,0.6888888888888889,0.044444444444444446,0.26666666666666666,11.675556922665436,0.25945682050367636,0.3333333333333333,0.5333333333333333,60
148,45,0.6444444444444445,0.24444444444444444,0.1111111111111111,0.6444444444444445,0.022222222222222223,0.3333333333333333,11.481870185300457,0.2551526707844546,0.4222222222222222,0.7111111111111111,80
149,45,0.8666666666666667,0.1111111111111111,0.022222222222222223,0.6444444444444445,0.0,0.35555555555555557,3.488816070373253,0.07752924600829451,0.4666666666666667,0.8222222222222222,97
150,45,0.6888888888888889,0.08888888888888889,0.2222222222222222,0.37777777777777777,0.022222222222222223,0.6,12.377861766665426,0.27506359481478726,0.6888888888888889,0.5777777777777777,102
151,45,0.8444444444444444,0.1111111111111111,0.044444444444444446,0.5777777777777777,0.022222222222222223,0.4,5.686261277939988,0.12636136173199974,0.4888888888888889,0.6666666666666666,94
152,45,0.6666666666666666,0.26666666666666666,0.06666666666666667,0.7555555555555555,0.0,0.24444444444444444,13.074403442673146,0.2905422987260699,0.35555555555555557,0.5333333333333333,56
153,45,0.4666666666666667,0.5333333333333333,0.0,0.8666666666666667,0.1111111111111111,0.022222222222222223,23.237418801187395,0.516387084470831,0.022222222222222223,0.7555555555555555,34
154,45,0.7333333333333333,0.24444444444444444,0.022222222222222223,0.7777777777777778,0.0,0.2222222222222222,6.437299789728839,0.14305110643841865,0.3333333333333333,0.5777777777777777,78
155,45,0.7333333333333333,0.13333333333333333,0.13333333333333333,0.5555555555555556,0.0,0.4444444444444444,7.881705006918393,0.17514900015374207,0.5555555555555556,0.8222222222222222,113
156,45,0.7777777777777778,0.17777777777777778,0.044444444444444446,0.6888888888888889,0.0,0.3111111111111111,4.455576613337207,0.0990128136297157,0.4222222222222222,0.7555555555555555,90
157,45,0.8888888888888888,0.08888888888888889,0.022222222222222223,0.5777777777777777,0.022222222222222223,0.4,4.244640479102619,0.09432534398005821,0.4888888888888889,0.6222222222222222,92
158,45,0.7111111111111111,0.06666666666666667,0.2222222222222222,0.4,0.0,0.6,11.192344003907063,0.2487187556423792,0.7111111111111111,0.8,136
159,45,0.6666666666666666,0.26666666666666666,0.06666666666666667,0.7111111111111111,0.022222222222222223,0.26666666666666666,11.14614917034867,0.247692203785526,0.35555555555555557,0.5555555555555556,73
160,45,0.5777777777777777,0.2222222222222222,0.2,0.4888888888888889,0.044444444444444446,0.4666666666666667,16.92189519109857,0.376042115357746,0.5333333333333333,0.5333333333333333,72
161,45,0.6444444444444445,0.2,0.15555555555555556,0.6,0.0,0.4,10.951627604161818,0.24336950231470705,0.5111111111111111,0.5333333333333333,80
162,45,0.6666666666666666,0.1111111111111111,0.2222222222222222,0.4,0.022222222222222223,0.5777777777777777,12.250218569823822,0.27222707932941825,0.6666666666666666,0.5111111111111111,95
163,45,0.5333333333333333,0.4,0.06666666666666667,0.8,0.044444444444444446,0.15555555555555556,18.04661427329415,0.40103587273987,0.2222222222222222,0.5333333333333333,44
164,45,0.7111111111111111,0.17777777777777778,0.1111111111111111,0.6222222222222222,0.0,0.37777777777777777,9.804541384215096,0.21787869742700214,0.4888888888888889,0.8,108
165,45,0.8222222222222222,0.06666666666666667,0.1111111111111111,0.5111111111111111,0.0,0.4888888888888889,4.498069029645447,0.0999570895476766,0.6,0.8888888888888888,132
166,45,0.6444444444444445,0.3111111111111111,0.044444444444444446,0.7777777777777778,0.022222222222222223,0.2,11.708721824806036,0.260193818329023,0.28888888888888886,0.8222222222222222,77
167,45,0.7333333333333333,0.26666666666666666,0.0,0.8222222222222222,0.0,0.17777777777777778,6.29467689231843,0.13988170871818734,0.28888888888888886,0.6888888888888889,75
168,45,0.7555555555555555,0.13333333333333333,0.1111111111111111,0.5777777777777777,0.0,0.4222222222222222,5.778415256780363,0.12840922792845252,0.5333333333333333,0.5111111111111111,75
169,45,0.7777777777777778,0.08888888888888889,0.13333333333333333,0.5111111111111111,0.0,0.4888888888888889,8.090976806086935,0.17979948457970968,0.6,0.5111111111111111,83
170,45,0.6,0.3111111111111111,0.08888888888888889,0.6444444444444445,0.06666666666666667,0.28888888888888886,16.062900268324245,0.35695333929609435,0.3333333333333333,0.4666666666666667,57
171,45,0.7333333333333333,0.044444444444444446,0.2222222222222222,0.37777777777777777,0.0,0.6222222222222222,10.146075944818573,0.22546835432930162,0.7333333333333333,0.7333333333333333,129
172,45,0.8222222222222222,0.17777777777777778,0.0,0.7333333333333333,0.0,0.26666666666666666,2.7533211056510885,0.061184913458913075,0.37777777777777777,0.8888888888888888,104
173,45,0.8888888888888888,0.08888888888888889,0.022222222222222223,0.6222222222222222,0.0,0.37777777777777777,1.9549630415655204,0.04344362314590045,0.4888888888888889,0.6888888888888889,99
174,45,0.8888888888888888,0.06666666666666667,0.044444444444444446,0.5333333333333333,0.022222222222222223,0.4444444444444444,4.067821837715127,0.09039604083811394,0.5333333333333333,0.5333333333333333,88
175,45,0.6222222222222222,0.3333333333333333,0.044444444444444446,0.7555555555555555,0.044444444444444446,0.2,13.826847417191429,0.3072632759375873,0.26666666666666666,0.6444444444444445,65
176,45,0.6666666666666666,0.13333333333333333,0.2,0.4888888888888889,0.0,0.5111111111111111,11.509213923371703,0.25576030940826006,0.6222222222222222,0.6666666666666666,98
177,45,0.7333333333333333,0.06666666666666667,0.2,0.4222222222222222,0.0,0.5777777777777777,9.468407694629395,0.21040905988065323,0.6888888888888889,0.7555555555555555,126
178,45,0.5777777777777777,0.13333333333333333,0.28888888888888886,0.35555555555555557,0.022222222222222223,0.6222222222222222,18.02226239619706,0.40049471991549024,0.7111111111111111,0.4888888888888889,86
179,45,0.6666666666666666,0.2222222222222222,0.1111111111111111,0.6222222222222222,0.022222222222222223,0.35555555555555557,11.642704225154723,0.25872676055899385,0.4444444444444444,0.4666666666666667,73
180,45,0.8222222222222222,0.044444444444444446,0.13333333333333333,0.4666666666666667,0.0,0.5333333333333333,5.480957005298445,0.12179904456218768,0.6444444444444445,0.5333333333333333,100
181,45,0.8222222222222222,0.08888888888888889,0.08888888888888889,0.5555555555555556,0.0,0.4444444444444444,6.192281217570308,0.13760624927934018,0.5555555555555556,0.6,95
182,45,0.6888888888888889,0.2222222222222222,0.08888888888888889,0.6888888888888889,0.0,0.3111111111111111,6.483540773476292,0.14407868385502873,0.4222222222222222,0.7111111111111111,84
183,45,0.8,0.1111111111111111,0.08888888888888889,0.5777777777777777,0.0,0.4222222222222222,4.567233102189629,0.10149406893754731,0.5333333333333333,0.8888888888888888,116
184,45,0.4222222222222222,0.5555555555555556,0.022222222222222223,0.8666666666666667,0.1111111111111111,0.022222222222222223,25.533396689286924,0.5674088153174872,0.022222222222222223,0.6888888888888889,31
185,45,0.8222222222222222,0.1111111111111111,0.06666666666666667,0.6,0.0,0.4,4.232746961665663,0.0940610435925703,0.5111111111111111,0.5333333333333333,76
186,45,0.5555555555555556,0.4222222222222222,0.022222222222222223,0.8666666666666667,0.044444444444444446,0.08888888888888889,17.828952796493486,0.3961989510331886,0.15555555555555556,0.5333333333333333,40
187,45,0.7333333333333333,0.24444444444444444,0.022222222222222223,0.7777777777777778,0.0,0.2222222222222222,4.756721906530884,0.10570493125624186,0.3333333333333333,0.5333333333333333,64
188,45,0.4888888888888889,0.5111111111111111,0.0,0.8888888888888888,0.08888888888888889,0.022222222222222223,21.836491927919937,0.4852553761759986,0.044444444444444446,0.6666666666666666,34
189,45,0.5777777777777777,0.4222222222222222,0.0,0.8888888888888888,0.044444444444444446,0.06666666666666667,16.334712312216247,0.3629936069381388,0.13333333333333333,0.9333333333333333,62
190,45,0.7777777777777778,0.1111111111111111,0.1111111111111111,0.5555555555555556,0.0,0.4444444444444444,6.228792122540266,0.13841760272311704,0.5555555555555556,0.5555555555555556,85
191,45,0.6888888888888889,0.24444444444444444,0.06666666666666667,0.7333333333333333,0.0,0.26666666666666666,6.67532404744407,0.148340534387646,0.37777777777777777,0.5333333333333333,64
192,45,0.7555555555555555,0.15555555555555556,0.08888888888888889,0.5777777777777777,0.022222222222222223,0.4,8.690841166062418,0.19312980369027596,0.4888888888888889,0.7777777777777778,95
193,45,0.7111111111111111,0.17777777777777778,0.1111111111111111,0.5777777777777777,0.022222222222222223,0.4,12.949448532575067,0.2877655229461126,0.4888888888888889,0.5111111111111111,67
194,45,0.6666666666666666,0.2,0.13333333333333333,0.5777777777777777,0.022222222222222223,0.4,14.029877199827194,0.31177504888504876,0.4888888888888889,0.5111111111111111,67
195,45,0.7555555555555555,0.17777777777777778,0.06666666666666667,0.5777777777777777,0.044444444444444446,0.37777777777777777,8.307950380258049,0.18462111956129,0.4444444444444444,0.7111111111111111,88
196,45,0.9333333333333333,0.022222222222222223,0.044444444444444446,0.5333333333333333,0.0,0.4666666666666667,1.742043474787952,0.03871207721751005,0.5777777777777777,0.7111111111111111,112
197,45,0.7111111111111111,0.0,0.28888888888888886,0.26666666666666666,0.0,0.7333333333333333,11.196691002338799,0.24881535560752888,0.8444444444444444,0.8888888888888888,180
198,45,0.7555555555555555,0.1111111111111111,0.13333333333333333,0.5333333333333333,0.0,0.4666666666666667,6.648146958202686,0.1477365990711708,0.5777777777777777,0.8444444444444444,118
199,45,0.6222222222222222,0.3333333333333333,0.044444444444444446,0.8,0.022222222222222223,0.17777777777777778,12.525423861208608,0.2783427524713024,0.26666666666666666,0.7333333333333333,69
200,45,0.5555555555555556,0.15555555555555556,0.28888888888888886,0.4222222222222222,0.0,0.5777777777777777,14.441070393096751,0.32091267540215,0.6888888888888889,0.7777777777777778,123
201,45,0.7555555555555555,0.08888888888888889,0.15555555555555556,0.4888888888888889,0.0,0.5111111111111111,10.411390357587194,0.23136423016860433,0.6222222222222222,0.5111111111111111,91
202,45,0.6888888888888889,0.17777777777777778,0.13333333333333333,0.6,0.0,0.4,10.153944430606566,0.2256432095690348,0.5111111111111111,0.7111111111111111,96
203,45,0.6222222222222222,0.3333333333333333,0.044444444444444446,0.7555555555555555,0.044444444444444446,0.2,13.737796795927384,0.30528437324283075,0.26666666666666666,0.7111111111111111,60
204,45,0.7777777777777778,0.08888888888888889,0.13333333333333333,0.5111111111111111,0.0,0.4888888888888889,5.7616057603992,0.12803568356442666,0.6,0.6222222222222222,100
205,45,0.8444444444444444,0.1111111111111111,0.044444444444444446,0.6222222222222222,0.0,0.37777777777777777,2.8607956683779188,0.06357323707506486,0.4888888888888889,0.7111111111111111,100
206,45,0.4666666666666667,0.5333333333333333,0.0,0.8666666666666667,0.1111111111111111,0.022222222222222223,23.237418801187395,0.516387084470831,0.022222222222222223,0.4888888888888889,26
207,45,0.6222222222222222,0.35555555555555557,0.022222222222222223,0.8444444444444444,0.022222222222222223,0.13333333333333333,11.635720706232469,0.25857157124961044,0.2222222222222222,0.9333333333333333,78
208,45,0.7333333333333333,0.06666666666666667,0.2,0.4222222222222222,0.0,0.5777777777777777,9.144784229705902,0.20321742732679782,0.6888888888888889,0.6,99
209,45,0.6222222222222222,0.26666666666666666,0.1111111111111111,0.5777777777777777,0.06666666666666667,0.35555555555555557,17.32472954869541,0.3849939899710091,0.4,0.6444444444444445,73
210,45,0.5333333333333333,0.26666666666666666,0.2,0.5333333333333333,0.044444444444444446,0.4222222222222222,20.506355489903164,0.45569678866451474,0.4888888888888889,0.5111111111111111,75
211,45,0.8888888888888888,0.044444444444444446,0.06666666666666667,0.5333333333333333,0.0,0.4666666666666667,2.756025554857495,0.06124501233016655,0.5777777777777777,0.5111111111111111,99
212,45,0.8222222222222222,0.0,0.17777777777777778,0.37777777777777777,0.0,0.6222222222222222,7.122284596833008,0.15827299104073353,0.7333333333333333,0.4666666666666667,97
213,45,0.6888888888888889,0.26666666666666666,0.044444444444444446,0.6888888888888889,0.044444444444444446,0.26666666666666666,12.15375083071001,0.27008335179355575,0.3333333333333333,0.6222222222222222,72
214,45,0.8666666666666667,0.0,0.13333333333333333,0.4222222222222222,0.0,0.5777777777777777,5.055462751839518,0.11234361670754485,0.6888888888888889,0.8222222222222222,129
215,45,0.7555555555555555,0.24444444444444444,0.0,0.8,0.0,0.2,5.001997487499245,0.11115549972220544,0.3111111111111111,0.8666666666666667,75
216,45,0.6666666666666666,0.26666666666666666,0.06666666666666667,0.7555555555555555,0.0,0.24444444444444444,7.8897355374539,0.17532745638786446,0.35555555555555557,0.9777777777777777,104
217,45,0.6666666666666666,0.15555555555555556,0.17777777777777778,0.5333333333333333,0.0,0.4666666666666667,10.97301577176685,0.24384479492815223,0.5777777777777777,0.5111111111111111,79
218,45,0.9111111111111111,0.0,0.08888888888888889,0.4666666666666667,0.0,0.5333333333333333,3.4529928451593594,0.07673317433687465,0.6444444444444445,0.7333333333333333,117
219,45,0.8,0.2,0.0,0.7111111111111111,0.022222222222222223,0.26666666666666666,8.17916154038452,0.18175914534187823,0.35555555555555557,0.8444444444444444,86
220,45,0.7555555555555555,0.2,0.044444444444444446,0.7111111111111111,0.0,0.28888888888888886,4.2057568533761485,0.09346126340835885,0.4,0.8222222222222222,89
221,45,0.6666666666666666,0.26666666666666666,0.06666666666666667,0.7111111111111111,0.022222222222222223,0.26666666666666666,10.625407706505719,0.23612017125568263,0.35555555555555557,0.5333333333333333,60
222,45,0.7333333333333333,0.26666666666666666,0.0,0.8222222222222222,0.0,0.17777777777777778,4.722248462377618,0.10493885471950264,0.28888888888888886,0.6444444444444445,69
223,45,0.6,0.13333333333333333,0.26666666666666666,0.4222222222222222,0.0,0.5777777777777777,14.783977830144416,0.3285328406698759,0.6888888888888889,0.5111111111111111,87
224,45,0.5777777777777777,0.08888888888888889,0.3333333333333333,0.3111111111111111,0.0,0.6888888888888889,16.95629654419071,0.37680658987090465,0.8,0.5333333333333333,88
225,45,0.8444444444444444,0.044444444444444446,0.1111111111111111,0.4888888888888889,0.0,0.5111111111111111,4.569852448235668,0.10155227662745929,0.6222222222222222,0.7111111111111111,120
226,45,0.4666666666666667,0.5333333333333333,0.0,0.8666666666666667,0.1111111111111111,0.022222222222222223,24.71661468373857,0.5492581040830793,0.022222222222222223,0.4666666666666667,25
227,45,0.6666666666666666,0.2,0.13333333333333333,0.5333333333333333,0.044444444444444446,0.4222222222222222,14.9486208359403,0.3321915741320067,0.4888888888888889,0.6444444444444445,81
228,45,0.6444444444444445,0.24444444444444444,0.1111111111111111,0.6888888888888889,0.0,0.3111111111111111,11.511701435269899,0.2558155874504422,0.4222222222222222,0.5111111111111111,71
229,45,0.9111111111111111,0.0,0.08888888888888889,0.4666666666666667,0.0,0.5333333333333333,3.4529928451593594,0.07673317433687465,0.6444444444444445,0.6,115
230,45,0.7333333333333333,0.24444444444444444,0.022222222222222223,0.7333333333333333,0.022222222222222223,0.24444444444444444,7.582187516092953,0.16849305591317673,0.3333333333333333,0.7111111111111111,68
231,45,0.8888888888888888,0.044444444444444446,0.06666666666666667,0.5333333333333333,0.0,0.4666666666666667,4.46567725609978,0.09923727235777288,0.5777777777777777,0.5333333333333333,88
232,45,0.6444444444444445,0.17777777777777778,0.17777777777777778,0.5555555555555556,0.0,0.4444444444444444,12.198162241518595,0.27107027203374656,0.5555555555555556,0.5111111111111111,79
233,45,0.8444444444444444,0.08888888888888889,0.06666666666666667,0.5777777777777777,0.0,0.4222222222222222,3.111568019045473,0.06914595597878828,0.5333333333333333,0.6222222222222222,92
234,45,0.6666666666666666,0.3333333333333333,0.0,0.8888888888888888,0.0,0.1111111111111111,10.528455790294938,0.2339656842287764,0.2222222222222222,0.9777777777777777,80
235,45,0.6888888888888889,0.1111111111111111,0.2,0.4222222222222222,0.022222222222222223,0.5555555555555556,11.395668883545852,0.25323708630101893,0.6444444444444445,0.4888888888888889,82
236,45,0.8,0.17777777777777778,0.022222222222222223,0.7111111111111111,0.0,0.28888888888888886,5.496318828232861,0.1221404184051747,0.4,0.7777777777777778,91
237,45,0.6666666666666666,0.17777777777777778,0.15555555555555556,0.5333333333333333,0.022222222222222223,0.4444444444444444,13.467170432459213,0.2992704540546492,0.5333333333333333,0.8222222222222222,109
238,45,0.6444444444444445,0.022222222222222223,0.3333333333333333,0.24444444444444444,0.0,0.7555555555555555,13.70005372247104,0.3044456382771342,0.8666666666666667,0.4888888888888889,98
239,45,0.6666666666666666,0.17777777777777778,0.15555555555555556,0.4888888888888889,0.044444444444444446,0.4666666666666667,15.898270241867857,0.3532948942637302,0.5333333333333333,0.4666666666666667,69
240,45,0.4444444444444444,0.4444444444444444,0.1111111111111111,0.7555555555555555,0.06666666666666667,0.17777777777777778,23.326810140202415,0.5183735586711647,0.2222222222222222,0.7555555555555555,50
241,45,0.8444444444444444,0.06666666666666667,0.08888888888888889,0.5333333333333333,0.0,0.4666666666666667,4.1085480057180375,0.09130106679373416,0.5777777777777777,0.5111111111111111,91
242,45,0.9111111111111111,0.08888888888888889,0.0,0.6444444444444445,0.0,0.35555555555555557,1.7427183653182663,0.038727074784850365,0.4666666666666667,0.7555555555555555,102
243,45,0.6444444444444445,0.3111111111111111,0.044444444444444446,0.8222222222222222,0.0,0.17777777777777778,7.693620333042906,0.1709693407342868,0.28888888888888886,0.8888888888888888,92
244,45,0.8222222222222222,0.06666666666666667,0.1111111111111111,0.5111111111111111,0.0,0.4888888888888889,5.44648356114518,0.12103296802544844,0.6,0.5333333333333333,96
245,45,0.5333333333333333,0.37777777777777777,0.08888888888888889,0.7111111111111111,0.06666666666666667,0.2222222222222222,18.71346802990525,0.41585484510900556,0.26666666666666666,0.7555555555555555,74
246,45,0.6444444444444445,0.3333333333333333,0.022222222222222223,0.8222222222222222,0.022222222222222223,0.15555555555555556,12.283297646513564,0.27296216992252365,0.24444444444444444,0.4666666666666667,49
247,45,0.5111111111111111,0.3111111111111111,0.17777777777777778,0.6,0.044444444444444446,0.35555555555555557,19.106346392660186,0.42458547539244856,0.4222222222222222,0.5111111111111111,51
248,45,0.7333333333333333,0.1111111111111111,0.15555555555555556,0.4666666666666667,0.022222222222222223,0.5111111111111111,10.01361490834832,0.22252477574107377,0.6,0.5111111111111111,75
249,45,0.8,0.06666666666666667,0.13333333333333333,0.4888888888888889,0.0,0.5111111111111111,6.208625594881449,0.13796945766403218,0.6222222222222222,0.8222222222222222,129
250,45,0.6222222222222222,0.2,0.17777777777777778,0.4888888888888889,0.044444444444444446,0.4666666666666667,15.64844837545084,0.3477432972322409,0.5333333333333333,0.5111111111111111,79
251,45,0.7777777777777778,0.022222222222222223,0.2,0.37777777777777777,0.0,0.6222222222222222,7.958165434374457,0.17684812076387682,0.7333333333333333,0.5333333333333333,108
252,45,0.7555555555555555,0.08888888888888889,0.15555555555555556,0.4888888888888889,0.0,0.5111111111111111,7.9504764726535875,0.1766772549478575,0.6222222222222222,0.5555555555555556,89
253,45,0.7111111111111111,0.28888888888888886,0.0,0.7555555555555555,0.044444444444444446,0.2,9.37627966397497,0.2083617703105549,0.26666666666666666,0.7555555555555555,66
254,45,0.6,0.17777777777777778,0.2222222222222222,0.4666666666666667,0.022222222222222223,0.5111111111111111,13.811726596168711,0.306927257692638,0.6,0.5111111111111111,75
255,45,0.5333333333333333,0.15555555555555556,0.3111111111111111,0.35555555555555557,0.022222222222222223,0.6222222222222222,17.675173033023803,0.39278162295608454,0.7111111111111111,0.4666666666666667,73
256,45,0.5777777777777777,0.26666666666666666,0.15555555555555556,0.6666666666666666,0.0,0.3333333333333333,15.710429142153085,0.3491206476034019,0.4444444444444444,0.8,96
257,45,0.7111111111111111,0.17777777777777778,0.1111111111111111,0.6222222222222222,0.0,0.37777777777777777,10.354438741704111,0.2300986387045358,0.4888888888888889,0.6,83
258,45,0.7555555555555555,0.08888888888888889,0.15555555555555556,0.4888888888888889,0.0,0.5111111111111111,8.485504650987876,0.1885667700219528,0.6222222222222222,0.6222222222222222,104
259,45,0.5777777777777777,0.4222222222222222,0.0,0.8888888888888888,0.044444444444444446,0.06666666666666667,14.855516429665075,0.33012258732589056,0.13333333333333333,0.7777777777777778,55
260,45,0.8,0.17777777777777778,0.022222222222222223,0.7111111111111111,0.0,0.28888888888888886,3.6044488594941475,0.08009886354431439,0.4,0.8222222222222222,93
261,45,0.9111111111111111,0.022222222222222223,0.06666666666666667,0.5111111111111111,0.0,0.4888888888888889,2.578254322763506,0.05729454050585569,0.6,0.6222222222222222,96
262,45,0.5777777777777777,0.35555555555555557,0.06666666666666667,0.7555555555555555,0.044444444444444446,0.2,17.602021187842126,0.3911560263964917,0.26666666666666666,0.8666666666666667,83
263,45,0.4222222222222222,0.5111111111111111,0.06666666666666667,0.7777777777777778,0.1111111111111111,0.1111111111111111,25.892728472791504,0.5753939660620334,0.1111111111111111,0.6666666666666666,34
264,45,0.6666666666666666,0.15555555555555556,0.17777777777777778,0.4888888888888889,0.022222222222222223,0.4888888888888889,14.251985712030304,0.31671079360067345,0.5777777777777777,0.4666666666666667,77
265,45,0.8444444444444444,0.044444444444444446,0.1111111111111111,0.4888888888888889,0.0,0.5111111111111111,5.283629234918696,0.11741398299819325,0.6222222222222222,0.8444444444444444,126
266,45,0.8,0.1111111111111111,0.08888888888888889,0.5777777777777777,0.0,0.4222222222222222,6.440004238935246,0.14311120530967214,0.5333333333333333,0.7555555555555555,110
267,45,0.6444444444444445,0.15555555555555556,0.2,0.4222222222222222,0.044444444444444446,0.5333333333333333,15.185726223156696,0.33746058273681545,0.6,0.4666666666666667,85
268,45,0.4,0.5111111111111111,0.08888888888888889,0.7555555555555555,0.1111111111111111,0.13333333333333333,26.959377965013687,0.5990972881114153,0.13333333333333333,0.8888888888888888,48
269,45,0.7777777777777778,0.17777777777777778,0.044444444444444446,0.6888888888888889,0.0,0.3111111111111111,6.853353215653102,0.1522967381256245,0.4222222222222222,0.7333333333333333,105
270,45,0.4444444444444444,0.5555555555555556,0.0,0.8888888888888888,0.1111111111111111,0.0,24.78623646257541,0.550805254723898,0.0,0.8,36
271,45,0.8222222222222222,0.044444444444444446,0.13333333333333333,0.4666666666666667,0.0,0.5333333333333333,6.584933646402067,0.14633185880893482,0.6444444444444445,0.6222222222222222,116
272,45,0.7333333333333333,0.2,0.06666666666666667,0.6888888888888889,0.0,0.3111111111111111,6.536080489770381,0.14524623310600845,0.4222222222222222,0.5111111111111111,63
273,45,0.6666666666666666,0.3333333333333333,0.0,0.8888888888888888,0.0,0.1111111111111111,8.2089471027884,0.1824210467286311,0.2222222222222222,0.7111111111111111,68
274,45,0.7777777777777778,0.2222222222222222,0.0,0.7333333333333333,0.022222222222222223,0.24444444444444444,5.703065640306562,0.12673479200681248,0.3333333333333333,0.6222222222222222,76
275,45,0.5555555555555556,0.4222222222222222,0.022222222222222223,0.7777777777777778,0.08888888888888889,0.13333333333333333,20.703727692456184,0.4600828376101374,0.15555555555555556,0.6444444444444445,41
276,45,0.5555555555555556,0.28888888888888886,0.15555555555555556,0.6,0.044444444444444446,0.35555555555555557,15.08161797132528,0.33514706602945066,0.4222222222222222,0.5333333333333333,56
277,45,0.8,0.17777777777777778,0.022222222222222223,0.7111111111111111,0.0,0.28888888888888886,4.243379663802731,0.09429732586228291,0.4,0.5777777777777777,78
278,45,0.6444444444444445,0.044444444444444446,0.3111111111111111,0.28888888888888886,0.0,0.7111111111111111,13.312753193035437,0.29583895984523195,0.8222222222222222,0.5333333333333333,108
279,45,0.7777777777777778,0.15555555555555556,0.06666666666666667,0.5555555555555556,0.044444444444444446,0.4,8.848250488842716,0.19662778864094924,0.4666666666666667,0.5555555555555556,85
280,45,0.7333333333333333,0.2222222222222222,0.044444444444444446,0.6444444444444445,0.044444444444444446,0.3111111111111111,12.230853906263388,0.27179675347251975,0.37777777777777777,0.4666666666666667,57
281,45,0.6444444444444445,0.28888888888888886,0.06666666666666667,0.6444444444444445,0.06666666666666667,0.28888888888888886,14.94495066112315,0.33211001469162554,0.3333333333333333,0.6666666666666666,74
282,45,0.6222222222222222,0.3111111111111111,0.06666666666666667,0.8,0.0,0.2,10.46654732078525,0.23258994046189443,0.3111111111111111,0.8444444444444444,70
283,45,0.7777777777777778,0.13333333333333333,0.08888888888888889,0.5555555555555556,0.022222222222222223,0.4222222222222222,7.216964940474403,0.16037699867720895,0.5111111111111111,0.5111111111111111,83
284,45,0.4444444444444444,0.5555555555555556,0.0,0.8888888888888888,0.1111111111111111,0.0,24.78623646257541,0.550805254723898,0.0,0.5111111111111111,23
285,45,0.7777777777777778,0.17777777777777778,0.044444444444444446,0.6888888888888889,0.0,0.3111111111111111,5.389121965682214,0.11975826590404919,0.4222222222222222,0.7111111111111111,88
286,45,0.6888888888888889,0.24444444444444444,0.06666666666666667,0.6444444444444445,0.044444444444444446,0.3111111111111111,11.995223300912155,0.2665605177980479,0.37777777777777777,0.6666666666666666,78
287,45,0.6222222222222222,0.3333333333333333,0.044444444444444446,0.7555555555555555,0.044444444444444446,0.2,13.216973256482698,0.29371051681072663,0.26666666666666666,0.6222222222222222,64
288,45,0.5333333333333333,0.4444444444444444,0.022222222222222223,0.8444444444444444,0.06666666666666667,0.08888888888888889,18.28229003310915,0.40627311184687,0.13333333333333333,0.6222222222222222,44
289,45,0.7333333333333333,0.15555555555555556,0.1111111111111111,0.6,0.0,0.4,7.29735137972059,0.1621633639937909,0.5111111111111111,0.7111111111111111,96
290,45,0.6888888888888889,0.26666666666666666,0.044444444444444446,0.7777777777777778,0.0,0.2222222222222222,9.048537290500674,0.20107860645557052,0.3333333333333333,0.6666666666666666,70
291,45,0.6666666666666666,0.15555555555555556,0.17777777777777778,0.4888888888888889,0.022222222222222223,0.4888888888888889,13.229502366291285,0.2939889414731397,0.5777777777777777,0.5111111111111111,83
292,45,0.4666666666666667,0.5333333333333333,0.0,0.8666666666666667,0.1111111111111111,0.022222222222222223,24.716614683738566,0.5492581040830793,0.022222222222222223,0.7111111111111111,32
293,45,0.6444444444444445,0.13333333333333333,0.2222222222222222,0.4666666666666667,0.0,0.5333333333333333,11.613261419649035,0.2580724759922008,0.6444444444444445,0.7111111111111111,112
