test,sample,N,R2,predictor,beta,p,scale
A_omega_with_kappa_control,exploratory,290,0.07797976624078773,anxiety_intercept_HvL,0.030529186670771827,0.7610569844698916,
A_omega_with_kappa_control,exploratory,290,0.07797976624078773,anxiety_slopeT_HvL,-0.02819000799372571,0.7511346663590749,
A_omega_with_kappa_control,exploratory,290,0.07797976624078773,anxiety_slopeD_HvL,-0.018171042164208593,0.8052691871501091,
A_omega_with_kappa_control,exploratory,290,0.07797976624078773,confidence_intercept_HvL,-0.06704268450801376,0.5113566688424551,
A_omega_with_kappa_control,exploratory,290,0.07797976624078773,confidence_slopeT_HvL,-0.0007398794146101672,0.9929322724764093,
A_omega_with_kappa_control,exploratory,290,0.07797976624078773,confidence_slopeD_HvL,0.09935344553903795,0.19253573362054394,
A_omega_with_kappa_control,exploratory,290,0.07797976624078773,kappa_z,0.21368076805092942,0.00027723627925721906,
A_omega_with_kappa_control,confirmatory,281,0.06196907403273266,anxiety_intercept_HvL,-0.15794586882566153,0.12930277463723258,
A_omega_with_kappa_control,confirmatory,281,0.06196907403273266,anxiety_slopeT_HvL,-0.08343777520411216,0.3635769316562586,
A_omega_with_kappa_control,confirmatory,281,0.06196907403273266,anxiety_slopeD_HvL,-0.06892730950641769,0.4056016740211869,
A_omega_with_kappa_control,confirmatory,281,0.06196907403273266,confidence_intercept_HvL,-0.11253383558383015,0.32032064170669455,
A_omega_with_kappa_control,confirmatory,281,0.06196907403273266,confidence_slopeT_HvL,-0.08359605210655194,0.3899750457979046,
A_omega_with_kappa_control,confirmatory,281,0.06196907403273266,confidence_slopeD_HvL,-0.13893293203263238,0.0724025251097924,
A_omega_with_kappa_control,confirmatory,281,0.06196907403273266,kappa_z,0.20266998184048035,0.0010247109118077973,
B_kappa_with_omega_control,exploratory,290,0.12255315518304954,anxiety_intercept_HvL,-0.14086588475443876,0.1510736316038951,
B_kappa_with_omega_control,exploratory,290,0.12255315518304954,anxiety_slopeT_HvL,-0.07937855038502345,0.36033726873526495,
B_kappa_with_omega_control,exploratory,290,0.12255315518304954,anxiety_slopeD_HvL,0.07228990840322448,0.31288058578186,
B_kappa_with_omega_control,exploratory,290,0.12255315518304954,confidence_intercept_HvL,-0.0845923451693377,0.3964788152228281,
B_kappa_with_omega_control,exploratory,290,0.12255315518304954,confidence_slopeT_HvL,-0.11583938566465748,0.15437612332626627,
B_kappa_with_omega_control,exploratory,290,0.12255315518304954,confidence_slopeD_HvL,-0.059122679397212635,0.4259610960517456,
B_kappa_with_omega_control,exploratory,290,0.12255315518304954,omega_z,0.31473952748498696,8.752082286756853e-08,
B_kappa_with_omega_control,confirmatory,281,0.14256403691725528,anxiety_intercept_HvL,0.3135878544967845,0.0017087858358648504,
B_kappa_with_omega_control,confirmatory,281,0.14256403691725528,anxiety_slopeT_HvL,0.18666850793256326,0.03379850675696404,
B_kappa_with_omega_control,confirmatory,281,0.14256403691725528,anxiety_slopeD_HvL,0.1493057807711975,0.061473951659234076,
B_kappa_with_omega_control,confirmatory,281,0.14256403691725528,confidence_intercept_HvL,0.046005629460937086,0.6764195900091308,
B_kappa_with_omega_control,confirmatory,281,0.14256403691725528,confidence_slopeT_HvL,0.2025542496556491,0.032521832613980485,
B_kappa_with_omega_control,confirmatory,281,0.14256403691725528,confidence_slopeD_HvL,-0.0880836471620272,0.23334178050582188,
B_kappa_with_omega_control,confirmatory,281,0.14256403691725528,omega_z,0.2918377092883666,7.93603059837276e-07,
C_clinical_full,exploratory,290,0.030946546456999013,omega_z,-0.06568159341298829,0.3105294218939878,DASS21_Anxiety
C_clinical_full,exploratory,290,0.030946546456999013,kappa_z,-0.01498485861956862,0.8147567529822741,DASS21_Anxiety
C_clinical_full,exploratory,290,0.030946546456999013,anxiety_intercept_HvL,0.000284803541018798,0.9977963212091796,DASS21_Anxiety
C_clinical_full,exploratory,290,0.030946546456999013,anxiety_slopeT_HvL,-0.13792775656056355,0.13167685921153116,DASS21_Anxiety
C_clinical_full,exploratory,290,0.030946546456999013,anxiety_slopeD_HvL,-0.03912997819206025,0.605525906083494,DASS21_Anxiety
C_clinical_full,exploratory,290,0.030946546456999013,confidence_intercept_HvL,0.07587487604796832,0.4712391647657521,DASS21_Anxiety
C_clinical_full,exploratory,290,0.030946546456999013,confidence_slopeT_HvL,0.0942555285878148,0.2723862529702983,DASS21_Anxiety
C_clinical_full,exploratory,290,0.030946546456999013,confidence_slopeD_HvL,0.024820623197635915,0.7509536862928279,DASS21_Anxiety
C_clinical_full,confirmatory,281,0.05440970414619439,omega_z,-0.017555066346730014,0.7824687321781895,DASS21_Anxiety
C_clinical_full,confirmatory,281,0.05440970414619439,kappa_z,-0.01745092731743486,0.7860032041460882,DASS21_Anxiety
C_clinical_full,confirmatory,281,0.05440970414619439,anxiety_intercept_HvL,0.34451433850389895,0.001181919827673991,DASS21_Anxiety
C_clinical_full,confirmatory,281,0.05440970414619439,anxiety_slopeT_HvL,0.13639184642160987,0.14151259403150815,DASS21_Anxiety
C_clinical_full,confirmatory,281,0.05440970414619439,anxiety_slopeD_HvL,0.20973182208225405,0.012752209977495724,DASS21_Anxiety
C_clinical_full,confirmatory,281,0.05440970414619439,confidence_intercept_HvL,-0.009389015914647228,0.9354847123177779,DASS21_Anxiety
C_clinical_full,confirmatory,281,0.05440970414619439,confidence_slopeT_HvL,0.03175736350058289,0.7500423942976778,DASS21_Anxiety
C_clinical_full,confirmatory,281,0.05440970414619439,confidence_slopeD_HvL,-0.08056216664989539,0.303792231980367,DASS21_Anxiety
C_clinical_full,exploratory,290,0.05133293545842965,omega_z,-0.02772536440580449,0.6650336046170793,DASS21_Depression
C_clinical_full,exploratory,290,0.05133293545842965,kappa_z,-0.06994906462369666,0.2694966076266322,DASS21_Depression
C_clinical_full,exploratory,290,0.05133293545842965,anxiety_intercept_HvL,0.08736120755042318,0.3921702148104786,DASS21_Depression
C_clinical_full,exploratory,290,0.05133293545842965,anxiety_slopeT_HvL,-0.023755639285262864,0.7926004152397885,DASS21_Depression
C_clinical_full,exploratory,290,0.05133293545842965,anxiety_slopeD_HvL,-0.10748648077250822,0.15226338361459466,DASS21_Depression
C_clinical_full,exploratory,290,0.05133293545842965,confidence_intercept_HvL,-0.02715972270520873,0.7942820518204796,DASS21_Depression
C_clinical_full,exploratory,290,0.05133293545842965,confidence_slopeT_HvL,0.09939976719061974,0.24212671049730083,DASS21_Depression
C_clinical_full,exploratory,290,0.05133293545842965,confidence_slopeD_HvL,-0.0332822077759895,0.66712521519524,DASS21_Depression
C_clinical_full,confirmatory,281,0.10277387245768277,omega_z,-0.047399982751350336,0.444289482548826,DASS21_Depression
C_clinical_full,confirmatory,281,0.10277387245768277,kappa_z,0.032136952652061554,0.6078106478257648,DASS21_Depression
C_clinical_full,confirmatory,281,0.10277387245768277,anxiety_intercept_HvL,0.44519310027894604,1.9400038415786903e-05,DASS21_Depression
C_clinical_full,confirmatory,281,0.10277387245768277,anxiety_slopeT_HvL,0.25200646298453877,0.0055297320090242665,DASS21_Depression
C_clinical_full,confirmatory,281,0.10277387245768277,anxiety_slopeD_HvL,0.25678830472405856,0.0018065654391567823,DASS21_Depression
C_clinical_full,confirmatory,281,0.10277387245768277,confidence_intercept_HvL,-0.17084547638694766,0.1313138053635766,DASS21_Depression
C_clinical_full,confirmatory,281,0.10277387245768277,confidence_slopeT_HvL,-0.012542336924562494,0.8972160624152967,DASS21_Depression
C_clinical_full,confirmatory,281,0.10277387245768277,confidence_slopeD_HvL,-0.15079198941268107,0.04874260062552083,DASS21_Depression
C_clinical_full,exploratory,290,0.04540267369217266,omega_z,-0.08131332505282696,0.2061257680469575,DASS21_Stress
C_clinical_full,exploratory,290,0.04540267369217266,kappa_z,-0.013553891365830035,0.8309208947554546,DASS21_Stress
C_clinical_full,exploratory,290,0.04540267369217266,anxiety_intercept_HvL,0.05441898686174553,0.595017236856506,DASS21_Stress
C_clinical_full,exploratory,290,0.04540267369217266,anxiety_slopeT_HvL,-0.07788933768671967,0.3903894935790528,DASS21_Stress
C_clinical_full,exploratory,290,0.04540267369217266,anxiety_slopeD_HvL,-0.057868575798817844,0.4416933614626387,DASS21_Stress
C_clinical_full,exploratory,290,0.04540267369217266,confidence_intercept_HvL,0.08182356919853385,0.43377674708776914,DASS21_Stress
C_clinical_full,exploratory,290,0.04540267369217266,confidence_slopeT_HvL,0.1727679329029254,0.043195950123002515,DASS21_Stress
C_clinical_full,exploratory,290,0.04540267369217266,confidence_slopeD_HvL,0.014909355540141184,0.8476674374014838,DASS21_Stress
C_clinical_full,confirmatory,281,0.0913890775222237,omega_z,-0.0883877710980347,0.1568811183712563,DASS21_Stress
C_clinical_full,confirmatory,281,0.0913890775222237,kappa_z,0.04186840395464617,0.5065023454559658,DASS21_Stress
C_clinical_full,confirmatory,281,0.0913890775222237,anxiety_intercept_HvL,0.42344777160161895,5.241218407292579e-05,DASS21_Stress
C_clinical_full,confirmatory,281,0.0913890775222237,anxiety_slopeT_HvL,0.2521594924495087,0.005799729875563933,DASS21_Stress
C_clinical_full,confirmatory,281,0.0913890775222237,anxiety_slopeD_HvL,0.2383922734973689,0.003946790460574476,DASS21_Stress
C_clinical_full,confirmatory,281,0.0913890775222237,confidence_intercept_HvL,-0.09233700554527596,0.4170082558972176,DASS21_Stress
C_clinical_full,confirmatory,281,0.0913890775222237,confidence_slopeT_HvL,0.01709997329635355,0.8610710741828578,DASS21_Stress
C_clinical_full,confirmatory,281,0.0913890775222237,confidence_slopeD_HvL,-0.138991768203099,0.07088281218663407,DASS21_Stress
C_clinical_full,exploratory,290,0.02982009264582819,omega_z,-0.09361661434383318,0.1489567752207577,OASIS_Total
C_clinical_full,exploratory,290,0.02982009264582819,kappa_z,0.022644995466544547,0.7234622576710991,OASIS_Total
C_clinical_full,exploratory,290,0.02982009264582819,anxiety_intercept_HvL,-0.04931730174954878,0.6327331062140612,OASIS_Total
C_clinical_full,exploratory,290,0.02982009264582819,anxiety_slopeT_HvL,-0.06461288118597033,0.4796210421048308,OASIS_Total
C_clinical_full,exploratory,290,0.02982009264582819,anxiety_slopeD_HvL,-0.14617506493946567,0.05456389843502665,OASIS_Total
C_clinical_full,exploratory,290,0.02982009264582819,confidence_intercept_HvL,0.06485367826910057,0.538203025852208,OASIS_Total
C_clinical_full,exploratory,290,0.02982009264582819,confidence_slopeT_HvL,0.10441781899708905,0.22439612046720123,OASIS_Total
C_clinical_full,exploratory,290,0.02982009264582819,confidence_slopeD_HvL,0.003965473147649043,0.9595792238514165,OASIS_Total
C_clinical_full,confirmatory,281,0.0787971167685767,omega_z,-0.08123889263570307,0.19614431616381414,OASIS_Total
C_clinical_full,confirmatory,281,0.0787971167685767,kappa_z,0.014981441865384542,0.8133142189271098,OASIS_Total
C_clinical_full,confirmatory,281,0.0787971167685767,anxiety_intercept_HvL,0.39533618766172307,0.00017128050234205193,OASIS_Total
C_clinical_full,confirmatory,281,0.0787971167685767,anxiety_slopeT_HvL,0.21411319151911803,0.019740363401342144,OASIS_Total
C_clinical_full,confirmatory,281,0.0787971167685767,anxiety_slopeD_HvL,0.22788129069908725,0.006172980964578356,OASIS_Total
C_clinical_full,confirmatory,281,0.0787971167685767,confidence_intercept_HvL,-0.1512650856567672,0.18711744242705283,OASIS_Total
C_clinical_full,confirmatory,281,0.0787971167685767,confidence_slopeT_HvL,-0.058122423929216786,0.554784785165866,OASIS_Total
C_clinical_full,confirmatory,281,0.0787971167685767,confidence_slopeD_HvL,-0.12632047734575047,0.1028463846594806,OASIS_Total
C_clinical_full,exploratory,290,0.014134064118634826,omega_z,-0.04626871884502118,0.47857561298630336,STICSA_Total
C_clinical_full,exploratory,290,0.014134064118634826,kappa_z,-0.0015089122212809134,0.981337969483976,STICSA_Total
C_clinical_full,exploratory,290,0.014134064118634826,anxiety_intercept_HvL,0.02821428294733728,0.7861991743629798,STICSA_Total
C_clinical_full,exploratory,290,0.014134064118634826,anxiety_slopeT_HvL,-0.06305501057246185,0.4937372254436188,STICSA_Total
C_clinical_full,exploratory,290,0.014134064118634826,anxiety_slopeD_HvL,-0.042596876743400604,0.5772589406589409,STICSA_Total
C_clinical_full,exploratory,290,0.014134064118634826,confidence_intercept_HvL,-0.01928191989670115,0.855896001770016,STICSA_Total
C_clinical_full,exploratory,290,0.014134064118634826,confidence_slopeT_HvL,0.025268896619105752,0.7702698833452072,STICSA_Total
C_clinical_full,exploratory,290,0.014134064118634826,confidence_slopeD_HvL,-0.050017649310160096,0.5261263960326987,STICSA_Total
C_clinical_full,confirmatory,281,0.04658731433284591,omega_z,-0.04873521476245839,0.4454673807163314,STICSA_Total
C_clinical_full,confirmatory,281,0.04658731433284591,kappa_z,0.06320494603758416,0.32782037745873444,STICSA_Total
C_clinical_full,confirmatory,281,0.04658731433284591,anxiety_intercept_HvL,0.22999364140109238,0.030169269988203653,STICSA_Total
C_clinical_full,confirmatory,281,0.04658731433284591,anxiety_slopeT_HvL,0.08484866958309605,0.36179535719497885,STICSA_Total
C_clinical_full,confirmatory,281,0.04658731433284591,anxiety_slopeD_HvL,0.17407886717194393,0.039165879318687334,STICSA_Total
C_clinical_full,confirmatory,281,0.04658731433284591,confidence_intercept_HvL,-0.11296126861970812,0.3325223810235747,STICSA_Total
C_clinical_full,confirmatory,281,0.04658731433284591,confidence_slopeT_HvL,0.014302349786849,0.8863698315717393,STICSA_Total
C_clinical_full,confirmatory,281,0.04658731433284591,confidence_slopeD_HvL,-0.08192904091533644,0.2976632567318819,STICSA_Total
C_clinical_full,exploratory,290,0.06840294368782363,omega_z,0.08030584860449566,0.20624919082407162,AMI_Total
C_clinical_full,exploratory,290,0.06840294368782363,kappa_z,-0.055318557093124165,0.3780063222467546,AMI_Total
C_clinical_full,exploratory,290,0.06840294368782363,anxiety_intercept_HvL,0.23776945193383908,0.019272403990986422,AMI_Total
C_clinical_full,exploratory,290,0.06840294368782363,anxiety_slopeT_HvL,0.0748480326816523,0.4034193613028538,AMI_Total
C_clinical_full,exploratory,290,0.06840294368782363,anxiety_slopeD_HvL,-0.013786548269026052,0.8527372998715111,AMI_Total
C_clinical_full,exploratory,290,0.06840294368782363,confidence_intercept_HvL,-0.042015905607959696,0.6839870712518524,AMI_Total
C_clinical_full,exploratory,290,0.06840294368782363,confidence_slopeT_HvL,0.08737853634483737,0.2993285084938336,AMI_Total
C_clinical_full,exploratory,290,0.06840294368782363,confidence_slopeD_HvL,-0.13689315747285027,0.07500721372667568,AMI_Total
C_clinical_full,confirmatory,281,0.10893278439622278,omega_z,0.11077556923904348,0.07351674949306906,AMI_Total
C_clinical_full,confirmatory,281,0.10893278439622278,kappa_z,0.01623826569184342,0.7946682820053896,AMI_Total
C_clinical_full,confirmatory,281,0.10893278439622278,anxiety_intercept_HvL,0.35007165967428294,0.0006944740309929778,AMI_Total
C_clinical_full,confirmatory,281,0.10893278439622278,anxiety_slopeT_HvL,0.20410059401060876,0.023810305367070184,AMI_Total
C_clinical_full,confirmatory,281,0.10893278439622278,anxiety_slopeD_HvL,0.20472200995607231,0.012271500514494786,AMI_Total
C_clinical_full,confirmatory,281,0.10893278439622278,confidence_intercept_HvL,-0.28370430378455697,0.01224115248571881,AMI_Total
C_clinical_full,confirmatory,281,0.10893278439622278,confidence_slopeT_HvL,-0.19938648412624393,0.04010204882009841,AMI_Total
C_clinical_full,confirmatory,281,0.10893278439622278,confidence_slopeD_HvL,-0.2003175538574923,0.008794454727866776,AMI_Total
C_clinical_full,exploratory,290,0.05307013501877833,omega_z,-0.03151199267635359,0.6223411294168941,AMI_Behavioural
C_clinical_full,exploratory,290,0.05307013501877833,kappa_z,0.011344277209367124,0.8575955320865044,AMI_Behavioural
C_clinical_full,exploratory,290,0.05307013501877833,anxiety_intercept_HvL,0.22810696564678262,0.025887959162444626,AMI_Behavioural
C_clinical_full,exploratory,290,0.05307013501877833,anxiety_slopeT_HvL,0.09048004395986871,0.3165622077351364,AMI_Behavioural
C_clinical_full,exploratory,290,0.05307013501877833,anxiety_slopeD_HvL,-0.011879212305801261,0.8739469803558307,AMI_Behavioural
C_clinical_full,exploratory,290,0.05307013501877833,confidence_intercept_HvL,-0.07986092870679609,0.44303783973815725,AMI_Behavioural
C_clinical_full,exploratory,290,0.05307013501877833,confidence_slopeT_HvL,0.07783033612839477,0.3590694347845422,AMI_Behavioural
C_clinical_full,exploratory,290,0.05307013501877833,confidence_slopeD_HvL,-0.13260854891814405,0.08707286697052447,AMI_Behavioural
C_clinical_full,confirmatory,281,0.12687015377740785,omega_z,0.027358147121727728,0.6543465703008962,AMI_Behavioural
C_clinical_full,confirmatory,281,0.12687015377740785,kappa_z,0.07160792818078769,0.24684669683362223,AMI_Behavioural
C_clinical_full,confirmatory,281,0.12687015377740785,anxiety_intercept_HvL,0.4581656082671667,8.588628033745648e-06,AMI_Behavioural
C_clinical_full,confirmatory,281,0.12687015377740785,anxiety_slopeT_HvL,0.25833841680646696,0.003957720614315494,AMI_Behavioural
C_clinical_full,confirmatory,281,0.12687015377740785,anxiety_slopeD_HvL,0.29612414912593765,0.00027705992103943685,AMI_Behavioural
C_clinical_full,confirmatory,281,0.12687015377740785,confidence_intercept_HvL,-0.2264514407666534,0.04296250505392518,AMI_Behavioural
C_clinical_full,confirmatory,281,0.12687015377740785,confidence_slopeT_HvL,-0.16455719246697634,0.08662825943105766,AMI_Behavioural
C_clinical_full,confirmatory,281,0.12687015377740785,confidence_slopeD_HvL,-0.18063872848102977,0.016882402114133815,AMI_Behavioural
C_clinical_full,exploratory,290,0.0757102360451356,omega_z,0.08483336694707683,0.180168625312451,AMI_Social
C_clinical_full,exploratory,290,0.0757102360451356,kappa_z,-0.06992188124269832,0.2634715690994987,AMI_Social
C_clinical_full,exploratory,290,0.0757102360451356,anxiety_intercept_HvL,0.2261644052702737,0.02536911735381561,AMI_Social
C_clinical_full,exploratory,290,0.0757102360451356,anxiety_slopeT_HvL,0.04283125541677997,0.6310763468742491,AMI_Social
C_clinical_full,exploratory,290,0.0757102360451356,anxiety_slopeD_HvL,-0.05692236637407459,0.4418548904640814,AMI_Social
C_clinical_full,exploratory,290,0.0757102360451356,confidence_intercept_HvL,-0.060387876123329944,0.5570553884244415,AMI_Social
C_clinical_full,exploratory,290,0.0757102360451356,confidence_slopeT_HvL,0.04186295578949145,0.6173746849628442,AMI_Social
C_clinical_full,exploratory,290,0.0757102360451356,confidence_slopeD_HvL,-0.09046130961161031,0.23679311742891068,AMI_Social
C_clinical_full,confirmatory,281,0.07590194102964487,omega_z,0.14297182234442718,0.023569755745411227,AMI_Social
C_clinical_full,confirmatory,281,0.07590194102964487,kappa_z,-0.059265002406260134,0.35131973090827995,AMI_Social
C_clinical_full,confirmatory,281,0.07590194102964487,anxiety_intercept_HvL,0.2405735887360523,0.021335405040240465,AMI_Social
C_clinical_full,confirmatory,281,0.07590194102964487,anxiety_slopeT_HvL,0.12306927828558334,0.179479719371712,AMI_Social
C_clinical_full,confirmatory,281,0.07590194102964487,anxiety_slopeD_HvL,0.08030410295967096,0.33236972586665325,AMI_Social
C_clinical_full,confirmatory,281,0.07590194102964487,confidence_intercept_HvL,-0.26700878009974094,0.0204975669063374,AMI_Social
C_clinical_full,confirmatory,281,0.07590194102964487,confidence_slopeT_HvL,-0.18186214173678997,0.06577972176167525,AMI_Social
C_clinical_full,confirmatory,281,0.07590194102964487,confidence_slopeD_HvL,-0.1290716677035301,0.09612111695499308,AMI_Social
C_clinical_full,exploratory,290,0.029452832455129307,omega_z,0.1470750443409871,0.023771072179755808,AMI_Emotional
C_clinical_full,exploratory,290,0.029452832455129307,kappa_z,-0.06920863718019478,0.28005342059615246,AMI_Emotional
C_clinical_full,exploratory,290,0.029452832455129307,anxiety_intercept_HvL,-0.013225440849568289,0.89802696693286,AMI_Emotional
C_clinical_full,exploratory,290,0.029452832455129307,anxiety_slopeT_HvL,0.008384778743373851,0.9268899795700349,AMI_Emotional
C_clinical_full,exploratory,290,0.029452832455129307,anxiety_slopeD_HvL,0.06160129233569663,0.4167024641838646,AMI_Emotional
C_clinical_full,exploratory,290,0.029452832455129307,confidence_intercept_HvL,0.0912753461729046,0.38657070709062913,AMI_Emotional
C_clinical_full,exploratory,290,0.029452832455129307,confidence_slopeT_HvL,0.06337646901595918,0.46059322850391105,AMI_Emotional
C_clinical_full,exploratory,290,0.029452832455129307,confidence_slopeD_HvL,-0.04749977976398487,0.5440042192600424,AMI_Emotional
C_clinical_full,confirmatory,281,0.019927209923999878,omega_z,0.07027726721085296,0.2781024585584854,AMI_Emotional
C_clinical_full,confirmatory,281,0.019927209923999878,kappa_z,0.019509279984513163,0.7655986996096414,AMI_Emotional
C_clinical_full,confirmatory,281,0.019927209923999878,anxiety_intercept_HvL,-0.04322067811122926,0.6865863458121572,AMI_Emotional
C_clinical_full,confirmatory,281,0.019927209923999878,anxiety_slopeT_HvL,0.011557235788420194,0.9024178058635515,AMI_Emotional
C_clinical_full,confirmatory,281,0.019927209923999878,anxiety_slopeD_HvL,0.01557435804208548,0.8550309270484842,AMI_Emotional
C_clinical_full,confirmatory,281,0.019927209923999878,confidence_intercept_HvL,-0.08248899435954121,0.4850292552320338,AMI_Emotional
C_clinical_full,confirmatory,281,0.019927209923999878,confidence_slopeT_HvL,-0.057847797574728396,0.568745506498994,AMI_Emotional
C_clinical_full,confirmatory,281,0.019927209923999878,confidence_slopeD_HvL,-0.10894619683401446,0.17226991917974835,AMI_Emotional
C_clinical_full,exploratory,289,0.036252010385200206,omega_z,-0.055699792710525324,0.3893615099177296,MFIS_Total
C_clinical_full,exploratory,289,0.036252010385200206,kappa_z,-0.04986747093443811,0.4353420346054369,MFIS_Total
C_clinical_full,exploratory,289,0.036252010385200206,anxiety_intercept_HvL,0.1905838680124789,0.06457992753114908,MFIS_Total
C_clinical_full,exploratory,289,0.036252010385200206,anxiety_slopeT_HvL,0.09705833139551888,0.2871686704348131,MFIS_Total
C_clinical_full,exploratory,289,0.036252010385200206,anxiety_slopeD_HvL,0.0009955292210141742,0.9895000216386228,MFIS_Total
C_clinical_full,exploratory,289,0.036252010385200206,confidence_intercept_HvL,0.04496663209393298,0.6688024141388861,MFIS_Total
C_clinical_full,exploratory,289,0.036252010385200206,confidence_slopeT_HvL,0.12375437599376682,0.14903711704035144,MFIS_Total
C_clinical_full,exploratory,289,0.036252010385200206,confidence_slopeD_HvL,0.047519863786830756,0.5431532539115581,MFIS_Total
C_clinical_full,confirmatory,281,0.07405927998336359,omega_z,-0.03946367317404867,0.5306287084077209,MFIS_Total
C_clinical_full,confirmatory,281,0.07405927998336359,kappa_z,0.02910822532718353,0.6472447212430789,MFIS_Total
C_clinical_full,confirmatory,281,0.07405927998336359,anxiety_intercept_HvL,0.3401802584426728,0.0012107229341705036,MFIS_Total
C_clinical_full,confirmatory,281,0.07405927998336359,anxiety_slopeT_HvL,0.20331981268386848,0.027161526862146464,MFIS_Total
C_clinical_full,confirmatory,281,0.07405927998336359,anxiety_slopeD_HvL,0.25015392751253646,0.002750468181482549,MFIS_Total
C_clinical_full,confirmatory,281,0.07405927998336359,confidence_intercept_HvL,-0.2144687599009938,0.06252149405964949,MFIS_Total
C_clinical_full,confirmatory,281,0.07405927998336359,confidence_slopeT_HvL,-0.057970098206968475,0.5568339628520359,MFIS_Total
C_clinical_full,confirmatory,281,0.07405927998336359,confidence_slopeD_HvL,-0.12901425160940075,0.0965984763978967,MFIS_Total
C_clinical_full,exploratory,290,0.03223724270745287,omega_z,-0.0322806770648971,0.6177184044366741,PHQ9_Total
C_clinical_full,exploratory,290,0.03223724270745287,kappa_z,-0.062324538434592916,0.32988749007039436,PHQ9_Total
C_clinical_full,exploratory,290,0.03223724270745287,anxiety_intercept_HvL,0.09041961028260168,0.38057627213836315,PHQ9_Total
C_clinical_full,exploratory,290,0.03223724270745287,anxiety_slopeT_HvL,-0.021819597552033023,0.8110167329274227,PHQ9_Total
C_clinical_full,exploratory,290,0.03223724270745287,anxiety_slopeD_HvL,-0.07669791508456213,0.3113878076177811,PHQ9_Total
C_clinical_full,exploratory,290,0.03223724270745287,confidence_intercept_HvL,-0.03075581209656122,0.7700211900707197,PHQ9_Total
C_clinical_full,exploratory,290,0.03223724270745287,confidence_slopeT_HvL,0.02428032370491268,0.7770151312535427,PHQ9_Total
C_clinical_full,exploratory,290,0.03223724270745287,confidence_slopeD_HvL,-0.03938380452381917,0.6143534990294098,PHQ9_Total
C_clinical_full,confirmatory,281,0.08501179800450442,omega_z,-0.07606618864761804,0.22450625797053197,PHQ9_Total
C_clinical_full,confirmatory,281,0.08501179800450442,kappa_z,0.036593222681030636,0.56284132664344,PHQ9_Total
C_clinical_full,confirmatory,281,0.08501179800450442,anxiety_intercept_HvL,0.4281403464174616,4.616575718325929e-05,PHQ9_Total
C_clinical_full,confirmatory,281,0.08501179800450442,anxiety_slopeT_HvL,0.27840929124604125,0.0024371383480383973,PHQ9_Total
C_clinical_full,confirmatory,281,0.08501179800450442,anxiety_slopeD_HvL,0.26080529609841574,0.0017016403176250872,PHQ9_Total
C_clinical_full,confirmatory,281,0.08501179800450442,confidence_intercept_HvL,-0.08993160905990073,0.4308442644581108,PHQ9_Total
C_clinical_full,confirmatory,281,0.08501179800450442,confidence_slopeT_HvL,0.022375448562894768,0.8194914088945614,PHQ9_Total
C_clinical_full,confirmatory,281,0.08501179800450442,confidence_slopeD_HvL,-0.09739973283376505,0.20649899055727455,PHQ9_Total
