scale,outcome,sample,N,R2,beta_scale,se_scale,p_scale,beta_omega,p_omega,beta_kappa,p_kappa,baseline_controlled
DASS21_Anxiety,pre_at_lowT,exploratory,290,0.1920627858113143,-0.04410635112529007,0.05326400154366244,0.40832099999056337,0.2590569895279471,8.824350674681373e-06,-0.4597121620806004,2.435995925133146e-14,False
DASS21_Anxiety,pre_at_lowT,confirmatory,279,0.2385050462257049,0.010090352545960492,0.05269715893176609,0.8482923258012824,0.27162489066546425,3.956390659914012e-06,-0.514784723692209,1.5169423211289976e-17,False
DASS21_Anxiety,pre_at_midT,exploratory,290,0.15621627590096043,-0.04193989587102794,0.05443278512199321,0.4416455060241957,0.24943670303451776,2.726304599159064e-05,-0.4098295271963687,1.7030969148934104e-11,False
DASS21_Anxiety,pre_at_midT,confirmatory,279,0.23761048870875634,0.00466718731656837,0.05272810254016052,0.9295324002302571,0.2761268177631905,2.806075103174569e-06,-0.5126105906896751,2.0698439986435447e-17,False
DASS21_Anxiety,pre_at_highT,exploratory,290,0.18425263274946957,-0.06542616785685358,0.053520828115184826,0.22254656382049595,0.3243012190058838,4.1097252235067434e-08,-0.41806049374339027,3.3634102140216062e-12,False
DASS21_Anxiety,pre_at_highT,confirmatory,279,0.24691427471484406,-0.019898697306655375,0.05240538243254948,0.7044558893920019,0.3145653600024468,9.44237579682878e-08,-0.5120732980908982,1.49054223115677e-17,False
DASS21_Anxiety,pre_slope_T,exploratory,290,0.05499992853947333,-0.062160040509507304,0.05760509601239217,0.2814648740608549,0.21240697232712863,0.0006891778337095052,0.02385608388345582,0.7000392630010123,False
DASS21_Anxiety,pre_slope_T,confirmatory,279,0.04378688408236342,-0.11040527588202176,0.05905151375614314,0.06259591213858082,0.18748085928954117,0.0040281263827102644,-0.04281944485430077,0.4984903318918945,False
DASS21_Anxiety,abs_peak_strike,exploratory,290,0.21271503155792815,0.026909621603800934,0.05257883558150692,0.6091889447361659,0.129237830956004,0.022904385395749096,-0.4911951883360899,2.6711214899093195e-16,False
DASS21_Anxiety,abs_peak_strike,confirmatory,279,0.2779575530789612,0.010454692121119586,0.051313903303922055,0.8387074055313578,0.21905196578126543,0.0001210703490739857,-0.5644451937723252,3.410455526864824e-21,False
DASS21_Anxiety,peak_post,exploratory,290,0.5930971146646624,-0.020399798640051654,0.038022216695063296,0.5920155981877595,0.2675456139374196,3.6250652980589367e-10,-0.3763923496026749,1.2894946232309427e-17,True
DASS21_Anxiety,accel_post,exploratory,290,0.039971578849051004,0.029563465862157284,0.05806133660112894,0.6110211524725282,0.1794642353856726,0.004325079310326704,-0.17303404294156977,0.0058791612125771,False
DASS21_Depression,pre_at_lowT,exploratory,290,0.1999596126361728,0.09956749483820426,0.053104044945568175,0.06181838819143816,0.26063246727493117,6.9250686212406475e-06,-0.44932093327293293,7.446837601835804e-14,False
DASS21_Depression,pre_at_lowT,confirmatory,279,0.25593388380524495,0.1330133908360427,0.05225638149108802,0.011461612936416373,0.27961465763767657,1.6265388959184393e-06,-0.5274292619004297,1.7947136886805927e-18,False
DASS21_Depression,pre_at_midT,exploratory,290,0.16483018402188643,0.10222259449736869,0.05425740790529748,0.06057512440076393,0.25088980965972146,2.193986273470518e-05,-0.3992564818619491,4.7164992316609514e-11,False
DASS21_Depression,pre_at_midT,confirmatory,279,0.2523360246605745,0.12199879281684312,0.05238256945101977,0.02058394591543352,0.28371113317438434,1.2276000330476982e-06,-0.5243673550822373,3.12903568999477e-18,False
DASS21_Depression,pre_at_highT,exploratory,290,0.18751396501220052,0.087090198337621,0.053515501479904984,0.10475700700267843,0.32699955146359144,2.9343930736655563e-08,-0.4082061810622129,1.0306877411533466e-11,False
DASS21_Depression,pre_at_highT,confirmatory,279,0.25880476389941065,0.11135074421635253,0.052155471913439395,0.03364677327859912,0.3228367024070206,3.6027264263616526e-08,-0.5236428010473707,2.563939561173517e-18,False
DASS21_Depression,pre_slope_T,exploratory,290,0.0513459971847916,-0.01396536715447356,0.05782632179762613,0.8093365157641831,0.21554714469951036,0.0005817583581440489,0.02434678698922235,0.6956938758416928,False
DASS21_Depression,pre_slope_T,confirmatory,279,0.03605800981852991,-0.06683295699589442,0.05947836465240535,0.2621408091349579,0.18934818718109808,0.0038348979054011116,-0.04012377074387656,0.5290625268014768,False
DASS21_Depression,abs_peak_strike,exploratory,290,0.21373933690810276,-0.04194645983169149,0.052644732231364386,0.4262376491935367,0.1281645376176193,0.023816984659719587,-0.4958102659105716,1.7755056138645977e-16,False
DASS21_Depression,abs_peak_strike,confirmatory,279,0.28935670456434825,-0.10777114399032031,0.051069240749182,0.03573606195938174,0.21153814628567186,0.0001820107438997037,-0.5535533331032698,1.0852129948247526e-20,False
DASS21_Depression,peak_post,exploratory,290,0.5928974925641541,0.014633628563327712,0.038042599490060586,0.7007730542246988,0.2683231111923571,3.2217487657223505e-10,-0.3743255688311502,2.1103372364309293e-17,True
DASS21_Depression,accel_post,exploratory,290,0.04167221941475352,0.0509094333481771,0.05812041221942594,0.38180297024777043,0.17770685284654641,0.004637005789542095,-0.16920646812957565,0.007190716787476487,False
DASS21_Stress,pre_at_lowT,exploratory,290,0.1935970513771721,0.059083249180218636,0.05324867984054761,0.268115546811186,0.26445891787966624,5.715550067100201e-06,-0.45641256171560207,3.4278414127458846e-14,False
DASS21_Stress,pre_at_lowT,confirmatory,279,0.24331307059466079,0.07056114136073424,0.052824641037239224,0.18273153570940676,0.27871913950421756,2.276153611808403e-06,-0.5215573884171513,6.801938590334165e-18,False
DASS21_Stress,pre_at_midT,exploratory,290,0.15842555782190737,0.06311080830360732,0.054397514981479454,0.246943842692457,0.2549524652278812,1.790921044865872e-05,-0.406452457159975,2.306089436757511e-11,False
DASS21_Stress,pre_at_midT,confirmatory,279,0.24108845589590056,0.05957436636773102,0.0529022347048976,0.2610956829054966,0.282331544916061,1.759235758891369e-06,-0.5184624688370517,1.106352245828328e-17,False
DASS21_Stress,pre_at_highT,exploratory,290,0.18136066681339125,0.0371221930729811,0.053651157386788044,0.4895502547222653,0.3295499724804304,2.7041454068208952e-08,-0.414912325566297,5.161475875220263e-12,False
DASS21_Stress,pre_at_highT,confirmatory,279,0.2482390981862309,0.0417604480981694,0.052652416228110926,0.42838321885258046,0.3202085545668326,6.173480871561346e-08,-0.5169799020943788,9.792087110378577e-18,False
DASS21_Stress,pre_slope_T,exploratory,290,0.05319731212558387,-0.04534597707080909,0.05769823558365039,0.4325672305893833,0.21298269022570546,0.0006766934853744054,0.02406041917208018,0.6979183786300522,False
DASS21_Stress,pre_slope_T,confirmatory,279,0.04144889265863949,-0.09977571565852923,0.05945468397765515,0.09444778811054193,0.1828175582877112,0.005238513773101647,-0.03658089797070506,0.5650679151445349,False
DASS21_Stress,abs_peak_strike,exploratory,290,0.21204670672654036,-0.007280855176205962,0.05263601827269248,0.8900812405296812,0.12751607902970005,0.024865692395873162,-0.49221391584447133,2.441522343499023e-16,False
DASS21_Stress,abs_peak_strike,confirmatory,279,0.28419836689783085,-0.08024627890878003,0.05137771447299224,0.11946420030039727,0.20975942007549847,0.0002265616990642121,-0.555981434064364,1.048420677204156e-20,False
DASS21_Stress,peak_post,exploratory,290,0.5931987944392054,0.02270593274512852,0.0378872045639225,0.5494466459360705,0.2695009338790667,2.826744994996811e-10,-0.3747265114393042,1.6670409900163442e-17,True
DASS21_Stress,accel_post,exploratory,290,0.043708879607969875,0.06806939318160449,0.057986627789077545,0.2414193365091011,0.18173491428812158,0.003805488486810976,-0.17152373343594735,0.006228018435457972,False
PHQ9_Total,pre_at_lowT,exploratory,290,0.1996378251572758,0.09785698694846261,0.05307788236799227,0.06626872229379692,0.26231797199167933,6.0971222215416814e-06,-0.45092989222995455,5.908746631810413e-14,False
PHQ9_Total,pre_at_lowT,confirmatory,279,0.25821917929378235,0.14146492827505996,0.052193447989267706,0.007142821389730108,0.28396467209091353,1.1416398032210109e-06,-0.5264259132749576,1.7157154470820632e-18,False
PHQ9_Total,pre_at_midT,exploratory,290,0.16635975279740867,0.1094294672748867,0.054170101163774846,0.044304271342812,0.2527202720555068,1.8874072255525757e-05,-0.4002191064561552,3.9324622803854564e-11,False
PHQ9_Total,pre_at_midT,confirmatory,279,0.2537591396450811,0.12779225485670892,0.052350122290999626,0.015273272182293709,0.28752231890309105,9.118885423085247e-07,-0.5232810995410043,3.148532428463181e-18,False
PHQ9_Total,pre_at_highT,exploratory,290,0.18751252718631073,0.08702147497475939,0.053478429713865905,0.10479034451770729,0.32848976489369364,2.561350178905081e-08,-0.4095037462098611,8.554244062099917e-12,False
PHQ9_Total,pre_at_highT,confirmatory,279,0.2561620063243687,0.09868263269648321,0.052265771651293806,0.060066081076547165,0.32467746321623264,3.37988413558806e-08,-0.5211292837937628,3.7242873481316026e-18,False
PHQ9_Total,pre_slope_T,exploratory,290,0.051253694979670694,-0.010091530208531747,0.057789023843360696,0.8614961988245076,0.2153512835418767,0.000589013835547288,0.02485190254833863,0.6894018021358617,False
PHQ9_Total,pre_slope_T,confirmatory,279,0.052292235074778315,-0.1444471107830231,0.05899502744037901,0.014971620165034198,0.18047054282429856,0.005500578123520362,-0.03440874795948125,0.5857556576032956,False
PHQ9_Total,abs_peak_strike,exploratory,290,0.2132093257571961,-0.03497849610743375,0.0526259454963403,0.5068018961498135,0.1275241665018516,0.024573708854892955,-0.4946520220747736,1.9567613638796407e-16,False
PHQ9_Total,abs_peak_strike,confirmatory,279,0.2812043444685596,-0.05821585723891997,0.051378439534742804,0.2581677546819842,0.21315823697153133,0.00018155861235838978,-0.5591473851659469,7.221758468825686e-21,False
PHQ9_Total,peak_post,exploratory,290,0.5926874108611107,0.001139225278239259,0.03809356497553593,0.9761629703006331,0.26826558070418494,3.3161791419026127e-10,-0.37541795607087475,1.654541925722353e-17,True
PHQ9_Total,accel_post,exploratory,290,0.04014667568244401,-0.032440532014934895,0.05812630902350671,0.5772099150088081,0.17764837908167808,0.00468427524005389,-0.1763713579315281,0.005094716221538683,False
OASIS_Total,pre_at_lowT,exploratory,290,0.19059044524138646,0.021630304133956498,0.05337792858518378,0.6856118712719202,0.2629913825101539,6.88066410044446e-06,-0.4584397108653434,2.909483286805838e-14,False
OASIS_Total,pre_at_lowT,confirmatory,279,0.2601753089301396,0.14798629213222503,0.05202025875905322,0.004778179437027764,0.28251917573084806,1.2193149856554849e-06,-0.5226371144117877,2.264539357632773e-18,False
OASIS_Total,pre_at_midT,exploratory,290,0.15517227116824894,0.026687516999036324,0.05453328162354332,0.624947554274039,0.25367729058207794,2.0982728297192726e-05,-0.4086152707867695,1.9549175358962156e-11,False
OASIS_Total,pre_at_midT,confirmatory,279,0.2573687533837383,0.14105465580008533,0.05211883585940896,0.007226960157154338,0.28678725001340766,8.93520920069254e-07,-0.5202670774811671,3.49163432443768e-18,False
OASIS_Total,pre_at_highT,exploratory,290,0.1800477455183107,-0.007604564552658229,0.053724432303002195,0.8875370101619784,0.3268981211790864,3.6988387590971004e-08,-0.41620090533047965,4.548532195936919e-12,False
OASIS_Total,pre_at_highT,confirmatory,279,0.2592663400963203,0.1132339456902302,0.05205220570511871,0.03045254544846515,0.3244435279840418,3.1509144539179856e-08,-0.5190407180226368,3.753332459396304e-18,False
OASIS_Total,pre_slope_T,exploratory,290,0.056097687891800696,-0.07055867513185189,0.057642270333796264,0.22192994831055962,0.2097053475873722,0.0008157683879261728,0.025578270308818075,0.6792712588968777,False
OASIS_Total,pre_slope_T,confirmatory,279,0.04453798588659008,-0.11393699130339167,0.05911732987344639,0.05497189373186221,0.1848242878737069,0.004603822218556285,-0.040337663336689825,0.5238676218757962,False
OASIS_Total,abs_peak_strike,exploratory,290,0.21459571717158166,0.05117894052261514,0.05258043630446803,0.3312040304283028,0.13209135790486354,0.020162727262249564,-0.49192621741367876,2.2212931205304117e-16,False
OASIS_Total,abs_peak_strike,confirmatory,279,0.2874395443208968,-0.0982213595286695,0.05105272827900339,0.05539663186252525,0.21086347793179755,0.0001965414471365031,-0.558637838338824,4.837634394592965e-21,False
OASIS_Total,peak_post,exploratory,290,0.5927397184850702,0.0073501111921640975,0.03795618453234887,0.8465900307514771,0.2687878946521911,3.326387589166138e-10,-0.3754335006917979,1.4856960866456868e-17,True
OASIS_Total,accel_post,exploratory,290,0.043181854183325985,0.06409434970307874,0.05803530275981713,0.2703467372557547,0.1832413228628716,0.003589744987818095,-0.17383162955747522,0.005562521787377627,False
STAI_Trait,pre_at_lowT,exploratory,289,0.2031884692019289,-0.10016129083490946,0.05296394413164069,0.059622051445294894,0.25236983626971515,1.3166472326992162e-05,-0.46171543077639493,1.4000433359496282e-14,False
STAI_Trait,pre_at_lowT,confirmatory,278,0.258415011251505,-0.1665406308284882,0.052928947576912015,0.0018345992317426018,0.2846696752180969,1.2336996218509165e-06,-0.5430541593497786,8.467631031179259e-19,False
STAI_Trait,pre_at_midT,exploratory,289,0.16656688362187277,-0.0978875505549366,0.05416738752694762,0.07179634975451263,0.2428437772729317,4.001382552908928e-05,-0.41187387782722423,1.0979059376060859e-11,False
STAI_Trait,pre_at_midT,confirmatory,278,0.24996937993645996,-0.1445506059431584,0.05322948820892173,0.007035777897750443,0.286131196544484,1.249435187044388e-06,-0.5357795856556755,3.115588306271848e-18,False
STAI_Trait,pre_at_highT,exploratory,289,0.18806897260933886,-0.07993736642976793,0.053464078117147554,0.13597904330343935,0.32026927071164574,5.7285755670558575e-08,-0.41871460662633064,2.942764105027449e-12,False
STAI_Trait,pre_at_highT,confirmatory,278,0.25482094927654,-0.12538115863495122,0.05305705156509654,0.01881945590469344,0.3254408589100349,3.860292943334126e-08,-0.5336849577146628,3.2592359429795003e-18,False
STAI_Trait,pre_slope_T,exploratory,289,0.05267709372729801,0.033407915562235185,0.057749939423379165,0.5633884116069445,0.217910639662004,0.0005169280124922287,0.02634676986718063,0.6711225281088523,False
STAI_Trait,pre_slope_T,confirmatory,278,0.04918054293112062,0.13504387569565898,0.05993242129986773,0.02503307470981704,0.1797545648214699,0.006052472383476218,-0.020920896412649954,0.745849935720722,False
STAI_Trait,abs_peak_strike,exploratory,289,0.21730765113124473,0.021223663872577892,0.0524925968143902,0.686282669022134,0.1259996526491855,0.026253502018806444,-0.49706431193238343,1.149587429582614e-16,False
STAI_Trait,abs_peak_strike,confirmatory,278,0.3018460644341029,0.032271462310782546,0.05135566874089627,0.5302709910146536,0.23514583794828406,3.2793595445717916e-05,-0.583512672146071,4.277148689066274e-22,False
STAI_Trait,peak_post,exploratory,289,0.5935279845852461,-0.004472895050707092,0.03794731898937641,0.9062530538898519,0.26798746204473106,3.4670168367441113e-10,-0.3838178009630268,3.721092504128121e-18,True
STAI_Trait,accel_post,exploratory,289,0.04246703939527774,-0.057152526335167354,0.05806031394896456,0.3257711223373312,0.17815378674559826,0.004607069652786259,-0.16918496341208344,0.007035268593670156,False
STAI_State,pre_at_lowT,exploratory,290,0.19323300905451635,0.05579824522857071,0.053164308600468384,0.29481418802108866,0.2586323545262802,8.966713733529056e-06,-0.4569212621061503,3.2371679118936634e-14,False
STAI_State,pre_at_lowT,confirmatory,279,0.2479317979009278,0.09874435621488749,0.052901425097699996,0.06302546089508175,0.27900380720886764,1.9762604875076234e-06,-0.5302012431298401,2.9137999184956e-18,False
STAI_State,pre_at_midT,exploratory,290,0.15717591301352274,0.0521196115032797,0.054339367540830845,0.33829325303649205,0.24907652193175447,2.7638398799539075e-05,-0.4072014918696652,2.183499074338363e-11,False
STAI_State,pre_at_midT,confirmatory,279,0.24479833242907623,0.08589336422216544,0.05301151649897153,0.10631878341811841,0.28277490803287364,1.5252571170953973e-06,-0.5261634539282627,5.574290865811782e-18,False
STAI_State,pre_at_highT,exploratory,290,0.18104821233652757,0.032557660568154276,0.053564280737790716,0.5437864833086068,0.32600535898009836,3.717516520863329e-08,-0.41530067387017394,4.94942567213216e-12,False
STAI_State,pre_at_highT,confirmatory,279,0.24962760651779636,0.056397110834860244,0.05284174878068703,0.2867800123163174,0.32021269617695836,5.640052662171576e-08,-0.5217693940174778,7.844463794567263e-18,False
STAI_State,pre_slope_T,exploratory,290,0.05356747393335093,-0.049190606256049665,0.05758255599491251,0.393674646530069,0.2177504439736524,0.00051033046159171,0.024275871467267507,0.6952367782811835,False
STAI_State,pre_slope_T,confirmatory,279,0.05281220908091977,-0.14722006425972445,0.05936859946758075,0.013746150326962327,0.18180434765152773,0.005123259295427876,-0.023145905877947816,0.7160039311563384,False
STAI_State,abs_peak_strike,exploratory,290,0.2122611520605595,-0.016361194691841188,0.05253360952661523,0.7556912038620426,0.12867499304615768,0.023524031150247315,-0.49241193736962174,2.335509215121821e-16,False
STAI_State,abs_peak_strike,confirmatory,279,0.2779527253548356,0.010324240795348093,0.051834817602332856,0.8422724202882689,0.21929860182344635,0.00012168047564474741,-0.5657306817436156,6.515182086916315e-21,False
STAI_State,peak_post,exploratory,290,0.593011740253428,-0.018066986852855762,0.0378361533925719,0.6333679063381807,0.2690058744033168,2.9948651629431396e-10,-0.37591259893823625,1.3564243736651472e-17,True
STAI_State,accel_post,exploratory,290,0.04064248235687995,0.03929660993670006,0.057974411859533836,0.49842950703632605,0.1761837112207274,0.005058841098962225,-0.17279662797506198,0.00592805682565908,False
STICSA_Total,pre_at_lowT,exploratory,290,0.19045608229912214,-0.018189877603822256,0.05324345204141199,0.7328757554442462,0.26060555151526443,7.900349807368343e-06,-0.4586363657404903,2.862942359127587e-14,False
STICSA_Total,pre_at_lowT,confirmatory,279,0.24447119316411636,0.07819880881950235,0.05261968718827373,0.13839471534864292,0.27536697060242804,2.6974053150714084e-06,-0.5215651506715269,6.109687631654561e-18,False
STICSA_Total,pre_at_midT,exploratory,290,0.15491579526938914,-0.021252223896008365,0.054399635577205355,0.6963331259938947,0.2507742577993057,2.4857231178661757e-05,-0.4088460296180891,1.9243848286809398e-11,False
STICSA_Total,pre_at_midT,confirmatory,279,0.2425872021642136,0.07097511016867578,0.052685252718141555,0.1790398704203431,0.27977399476408044,1.945337968007445e-06,-0.5189206136464287,9.264163151024676e-18,False
STICSA_Total,pre_at_highT,exploratory,290,0.18180886962607612,-0.042676965298215845,0.0535270589561424,0.42593996305256276,0.326062928592732,3.6011177956394904e-08,-0.4166212306010034,4.148948685918216e-12,False
STICSA_Total,pre_at_highT,confirmatory,279,0.2489112689605738,0.04909685247628328,0.0524648422203358,0.3501947257418474,0.3183796833216224,6.462216280921608e-08,-0.5172412978112043,8.704663221565257e-18,False
STICSA_Total,pre_slope_T,exploratory,290,0.05544810712293313,-0.0655902832784174,0.057512058117556324,0.2550482465365616,0.21322642408831285,0.0006513169923846494,0.02497370126986706,0.6865568923411738,False
STICSA_Total,pre_slope_T,confirmatory,279,0.0415767611430109,-0.10011044866185168,0.05926542673333651,0.09231680987230975,0.18813382998396452,0.003943796915217664,-0.03752422097118413,0.5547245572420417,False
STICSA_Total,abs_peak_strike,exploratory,290,0.21405041165337746,0.045382132881736176,0.05246181885519859,0.38773596757078854,0.12946257411852988,0.022483664283134825,-0.49150957431721515,2.394948131430394e-16,False
STICSA_Total,abs_peak_strike,confirmatory,279,0.28166963890019525,0.062055726229883666,0.05130797323132741,0.22751902878552463,0.2218848864734459,9.531957990000798e-05,-0.5697409129227484,1.723395028252307e-21,False
STICSA_Total,peak_post,exploratory,290,0.5927218341004526,0.005997353983905805,0.03794372392695107,0.8745220952755368,0.26836112814568125,3.2518744061646495e-10,-0.37534637595084475,1.531299343006872e-17,True
STICSA_Total,accel_post,exploratory,290,0.04610955622289081,0.08377872918494468,0.05779566260538872,0.14827473692175963,0.18086828002523267,0.0039006955101261185,-0.1730410926720759,0.005707455026280518,False
AMI_Total,pre_at_lowT,exploratory,290,0.28905331275387924,0.3161192372321113,0.050110378962488586,1.0682400045292632e-09,0.2289511370047719,2.9039494338395245e-05,-0.4363765891680121,1.4148970996484797e-14,False
AMI_Total,pre_at_lowT,confirmatory,279,0.316931071714075,0.2841752116038564,0.05054068051239368,4.6154650472503333e-08,0.22810574155998153,4.618105984552604e-05,-0.5263159428829141,8.149946095379159e-20,False
AMI_Total,pre_at_midT,exploratory,290,0.2510526238191103,0.312358499037238,0.05143216683266915,3.98280779665802e-09,0.21960826948992576,9.053626748088626e-05,-0.3868183648085225,1.6990415622959928e-11,False
AMI_Total,pre_at_midT,confirmatory,279,0.30801090605969494,0.2691099586976203,0.05086961432155961,2.4974596625225446e-07,0.23518774468552767,3.0401182499875535e-05,-0.5237002308680028,1.858635141105728e-19,False
AMI_Total,pre_at_highT,exploratory,290,0.2567409380029563,0.27844099222523105,0.05123647888347784,1.1779659540882767e-07,0.29909068252833704,1.209803565519276e-07,-0.3967487274814283,4.733749142969362e-12,False
AMI_Total,pre_at_highT,confirmatory,279,0.3098219416693506,0.25514413202448843,0.05080300413939408,9.199755170541736e-07,0.2771090827097171,1.0046103302894766e-06,-0.5234320290145605,1.7558055075979157e-19,False
AMI_Total,pre_slope_T,exploratory,290,0.05269006632215989,-0.03940979068199864,0.057843586836881594,0.4962225291314253,0.21948752075761274,0.00048568543877934063,0.02287547294172922,0.7126263327737287,False
AMI_Total,pre_slope_T,confirmatory,279,0.03765244567036863,-0.07868249936922739,0.05998943802229982,0.1907470954177218,0.20553935587939917,0.001854741123337321,-0.04336332266102888,0.4945463395056884,False
AMI_Total,abs_peak_strike,exploratory,290,0.237760514642273,-0.16133184235154888,0.05188656145939406,0.0020642755355526994,0.1443860114447988,0.010143751139979165,-0.5032299434099461,2.3968847948605927e-17,False
AMI_Total,abs_peak_strike,confirmatory,279,0.34252987014409864,-0.25790784765683306,0.04958460220322629,3.869668772886256e-07,0.25745334705936607,3.089674926756357e-06,-0.5532988384470116,4.20850513826565e-22,False
AMI_Total,peak_post,exploratory,290,0.5956888761210863,0.0576214428526614,0.03960594947889697,0.1468061976730104,0.26522286037196585,4.5899060773799827e-10,-0.3744241324961015,1.409772072423405e-17,True
AMI_Total,accel_post,exploratory,290,0.040664022462085336,0.03973123577329877,0.058209589370541034,0.4954406534402964,0.1739539071927239,0.005806925499628756,-0.17110183274219148,0.0065223861706622316,False
AMI_Behavioural,pre_at_lowT,exploratory,290,0.2558196862656592,0.2563125005249619,0.05101091224171392,8.900517836930422e-07,0.2625889495245417,2.7415455722417937e-06,-0.4582374787354291,2.956680108155687e-15,False
AMI_Behavioural,pre_at_lowT,confirmatory,279,0.3260201654206252,0.29846044281105205,0.04991724131912389,6.9485611820301925e-09,0.25765086565396966,3.28239949755492e-06,-0.5463165646288687,4.200535582942155e-21,False
AMI_Behavioural,pre_at_midT,exploratory,290,0.22325971507986542,0.2622920442827007,0.05211490094381665,8.553759621092424e-07,0.2528939158477504,9.433507500417151e-06,-0.4084115245576284,3.141348436411382e-12,False
AMI_Behavioural,pre_at_midT,confirmatory,279,0.31264169590422786,0.27623410077701127,0.05041023436993823,9.629719349644067e-08,0.26345430266654757,2.497924533841471e-06,-0.5419564751593483,1.62383719893e-20,False
AMI_Behavioural,pre_at_highT,exploratory,290,0.23469306227716968,0.2338899880563811,0.051729922384107986,9.008529543095696e-06,0.3287624206032623,9.83039607049698e-09,-0.41599712288511115,9.442720608266982e-13,False
AMI_Behavioural,pre_at_highT,confirmatory,279,0.3198070738750376,0.27296615693693504,0.05014679485434859,1.1585221269657706e-07,0.3034114137234854,6.130994473719097e-08,-0.5419231065327175,1.1006542159224217e-20,False
AMI_Behavioural,pre_slope_T,exploratory,290,0.05127939511181434,-0.011263387615140084,0.05759611207127393,0.8450949033497879,0.21540399664108947,0.0005868195688554001,0.02561836874654735,0.6795677012880954,False
AMI_Behavioural,pre_slope_T,confirmatory,279,0.03567010943462667,-0.06407160532645975,0.05970901940965065,0.2841830704431384,0.19652466848342867,0.002688410768674088,-0.03980882805646745,0.5327296006658608,False
AMI_Behavioural,abs_peak_strike,exploratory,290,0.2311247270717971,-0.1383161361975503,0.0518503806123009,0.008075041239352926,0.12717899676406483,0.023338933632939124,-0.49207958014505154,1.1339961733104e-16,False
AMI_Behavioural,abs_peak_strike,confirmatory,279,0.3248096446924559,-0.218505570016454,0.04996204885204543,1.73721640208713e-05,0.22828620139555642,3.539585174417851e-05,-0.5407409159726096,9.823328150896811e-21,False
AMI_Behavioural,peak_post,exploratory,290,0.5943323610833766,0.04179562716537566,0.03886409425941211,0.2830916647598938,0.27016539194143857,2.4062483906443727e-10,-0.37721369001778365,1.0071020982418385e-17,True
AMI_Behavioural,accel_post,exploratory,290,0.03982373404014905,0.026878428205575924,0.05794280092734656,0.643087553220941,0.17815327991531374,0.004574651542511837,-0.17385393114949396,0.005638837646040814,False
AMI_Social,pre_at_lowT,exploratory,290,0.2815365098183986,0.30439593163965734,0.05046141543668017,4.990011248330627e-09,0.226221062860431,4.016358147885782e-05,-0.4318673415758335,3.492943549123231e-14,False
AMI_Social,pre_at_lowT,confirmatory,279,0.2856881144787352,0.22049445072183627,0.051679157722570736,2.7332382861302535e-05,0.23149158362695704,5.607476647555442e-05,-0.5062887319962344,5.5871600072256486e-18,False
AMI_Social,pre_at_midT,exploratory,290,0.24468791634368414,0.30241195218838085,0.05173926951010843,1.3794692654107257e-08,0.21672238826289256,0.00012103194367184089,-0.3822197519306063,3.537348001068491e-11,False
AMI_Social,pre_at_midT,confirmatory,279,0.2827773054603291,0.21555196058211903,0.051784346523707996,4.214956759886481e-05,0.23718331216376656,3.84327062095061e-05,-0.5044854981896368,8.08386246591519e-18,False
AMI_Social,pre_at_highT,exploratory,290,0.24850559122074378,0.26353228945142987,0.05160834751174171,6.004153730783922e-07,0.2972130080126939,1.725996313256802e-07,-0.39317721467894384,9.516255656541732e-12,False
AMI_Social,pre_at_highT,confirmatory,279,0.28373166238264924,0.1956052950288709,0.05174988219271294,0.00019248079077162432,0.2805732092128085,1.2733072705596506e-06,-0.5055380986332826,6.745649371687823e-18,False
AMI_Social,pre_slope_T,exploratory,290,0.05358105780820266,-0.04961479010902855,0.0579160305307314,0.3923457949457919,0.22116950081478204,0.0004446060885728947,0.021294299747161276,0.7318803945719338,False
AMI_Social,pre_slope_T,confirmatory,279,0.03637537986654227,-0.06983407648668204,0.06002406895184614,0.24566171480070495,0.2061781714016139,0.0018833465070410148,-0.04923294687839242,0.438290372266527,False
AMI_Social,abs_peak_strike,exploratory,290,0.22436193235251845,-0.11196667632945749,0.05243081810394551,0.03356856014035358,0.14079043600957805,0.013026763746802342,-0.5017420101699481,5.4447757027509486e-17,False
AMI_Social,abs_peak_strike,confirmatory,279,0.32410422370479086,-0.21808222754790366,0.05027028586260655,2.0192954501691034e-05,0.2576051634166035,4.465743401372056e-06,-0.5721386763879635,8.415895447022016e-23,False
AMI_Social,peak_post,exploratory,290,0.5962651672124718,0.062307968838093246,0.03920002361834886,0.11305891529436599,0.2637681621123568,5.701576940549929e-10,-0.3728283812020027,1.8552137203452704e-17,True
AMI_Social,accel_post,exploratory,290,0.04372945510530302,0.06849260660103322,0.058216684169134454,0.2403687790724954,0.17013383022820328,0.006940745944825102,-0.16789421900622392,0.007563128207511241,False
AMI_Emotional,pre_at_lowT,exploratory,290,0.19218220931507646,0.04566391231485109,0.05351588254115056,0.3942193444231835,0.25554788164303377,1.2874946305330333e-05,-0.4554481625417843,4.3161949037462094e-14,False
AMI_Emotional,pre_at_lowT,confirmatory,279,0.23960504603724253,0.03485921042524463,0.05288158415490968,0.510322954502013,0.2673675842638539,5.835601448026577e-06,-0.5146976774920679,1.4167006205804466e-17,False
AMI_Emotional,pre_at_midT,exploratory,290,0.1552924507458151,0.028968550656654036,0.05472416868185889,0.5969693564886844,0.24789707312749285,3.398741463080945e-05,-0.406726598394959,2.5690366112424465e-11,False
AMI_Emotional,pre_at_midT,confirmatory,279,0.2386909810489043,0.03338750216459639,0.052913358883706935,0.5285748095799623,0.27232828513615415,4.016332996478198e-06,-0.5127007384069949,1.8932201974224405e-17,False
AMI_Emotional,pre_at_highT,exploratory,290,0.1811557218576667,0.03437556750455669,0.053879883057499876,0.5239817276792154,0.3232442532740401,5.638807820669224e-08,-0.41393207202013643,6.133346047054997e-12,False
AMI_Emotional,pre_at_highT,confirmatory,279,0.24724444520455735,0.02707821860243033,0.05261527299363539,0.6072140631521261,0.31280712526203636,1.2052107124802492e-07,-0.5129687986246945,1.2700108413454134e-17,False
AMI_Emotional,pre_slope_T,exploratory,290,0.051570021933645016,-0.020574547076913,0.05798673038528752,0.7229898756208275,0.21802227327662788,0.0005477108547094066,0.02427318001280942,0.6960270711241828,False
AMI_Emotional,pre_slope_T,confirmatory,279,0.03226687268778439,-0.025333018763613605,0.05965717000200457,0.671428744364142,0.19633019242874794,0.002865327399965599,-0.04646173521035904,0.4651614692610099,False
AMI_Emotional,abs_peak_strike,exploratory,290,0.21740960603744808,-0.07410250003044469,0.052673629120307465,0.16056544341762996,0.13712889862664476,0.016121456378364724,-0.49684156119012846,1.2142678523325825e-16,False
AMI_Emotional,abs_peak_strike,confirmatory,279,0.2850059490987831,-0.08508017581310567,0.05127858796647033,0.09822041512884616,0.227483747440173,6.508673740480305e-05,-0.5634394760304869,2.577722254974187e-21,False
AMI_Emotional,peak_post,exploratory,290,0.5926894186775138,0.001831212135320704,0.03818951836895577,0.9617891591679755,0.26803210228259017,4.125795234081488e-10,-0.3753921414103877,1.617075696040444e-17,True
AMI_Emotional,accel_post,exploratory,290,0.03995984110758655,-0.02950445897215088,0.05834057231588789,0.6134371831649732,0.1816791537593258,0.0040789071911192945,-0.1758194750715478,0.005207424293022364,False
MFIS_Total,pre_at_lowT,exploratory,289,0.19561492409032732,0.07393524766182903,0.05329203182798764,0.16641582186320805,0.2632102322549082,6.050028232586987e-06,-0.4529610159189605,5.164833319618215e-14,False
MFIS_Total,pre_at_lowT,confirmatory,279,0.258502215557078,0.141973540034981,0.052001045051357636,0.0067382152135107036,0.27482151377129554,2.2397592387064122e-06,-0.522519614746164,2.493162264426628e-18,False
MFIS_Total,pre_at_midT,exploratory,289,0.1591976303567767,0.06901229376913363,0.054485035715916896,0.20632237463791117,0.25297615208182,2.024144202741814e-05,-0.4035620713557126,3.238679664627557e-11,False
MFIS_Total,pre_at_midT,confirmatory,279,0.2510351037372275,0.1161249291907721,0.052262222460428887,0.027099417394615972,0.27894168433405836,1.7923405826570483e-06,-0.5190617381825531,5.432134280709778e-18,False
MFIS_Total,pre_at_highT,exploratory,289,0.18219776265258913,0.04644120718937377,0.05373464989527425,0.38816679881476035,0.32851775390934046,2.8657930500863878e-08,-0.4124986089938453,6.968710667026197e-12,False
MFIS_Total,pre_at_highT,confirmatory,279,0.2557824443649751,0.09638274565799167,0.05209632617991794,0.06537360720804379,0.3182291021621906,5.5809380109689796e-08,-0.5182531593454531,4.8784259163532354e-18,False
MFIS_Total,pre_slope_T,exploratory,289,0.05428140966316097,-0.056762542589665,0.0577844840036841,0.3267780335645649,0.21336234925145167,0.0006514457723659853,0.02194746748850293,0.7234841112743451,False
MFIS_Total,pre_slope_T,confirmatory,279,0.05553637126776534,-0.1548314910690165,0.05868806108986874,0.00880934607590851,0.18954517752530434,0.0034137433630802728,-0.037835588692000564,0.5476325014491437,False
MFIS_Total,abs_peak_strike,exploratory,289,0.21453731493637984,0.04495025141569467,0.05266147939166686,0.39406019644597934,0.12838175157091683,0.02358188288762982,-0.4887937939620977,3.6993172790312564e-16,False
MFIS_Total,abs_peak_strike,confirmatory,279,0.27906960056410357,-0.034993533628164104,0.051274780767546824,0.49551584968246787,0.2175414112415788,0.00013089975866977842,-0.5620893207294965,4.7459034102600074e-21,False
MFIS_Total,peak_post,exploratory,289,0.5957461949113338,0.04837580195429955,0.03785177297849412,0.2022814970011989,0.2686014189419422,2.799590208689899e-10,-0.3717774918222596,2.47395658985174e-17,True
MFIS_Total,accel_post,exploratory,289,0.03975000527612871,0.026520232629374658,0.058226734321680164,0.6491216315416299,0.17804921299108895,0.004620433560442075,-0.17210052832193068,0.006228326387996065,False
F1,pre_at_lowT,exploratory,288,0.19480730740629626,-0.039643269498227406,0.05333569262351926,0.457927551248424,0.2562593814214694,1.0784408536500853e-05,-0.4624326243047965,1.7317394385026765e-14,False
F1,pre_at_lowT,confirmatory,278,0.23205228655931365,0.02095028712022983,0.05330588327776938,0.6946101899139405,0.26971195622156474,6.0670130253600515e-06,-0.5124796267751842,5.119354694838583e-17,False
F1,pre_at_midT,exploratory,288,0.15829745053127653,-0.03583209638290717,0.054531487963766605,0.511655175354607,0.24642475239602732,3.3666963344466846e-05,-0.4126360626331595,1.2662748213254924e-11,False
F1,pre_at_midT,confirmatory,278,0.23010997097401797,0.018213813832220968,0.05337325209834744,0.7331742258957005,0.2731519605855388,4.784242784055627e-06,-0.5092447919053554,8.228425745711361e-17,False
F1,pre_at_highT,exploratory,288,0.18516583374128792,-0.05845312700879167,0.053654066381505314,0.276881474510366,0.3217521121504973,5.250415634246463e-08,-0.41950837972706256,2.956524376724543e-12,False
F1,pre_at_highT,confirmatory,278,0.23966283060872307,-0.005464704769045042,0.053041088624290925,0.9180162995959821,0.31171011180984876,1.7739241234364414e-07,-0.5087587185985459,5.916669688636254e-17,False
F1,pre_slope_T,exploratory,288,0.05449878919556361,-0.054936837866319935,0.05779617155417605,0.3426525954410947,0.21254244606040892,0.0006938563466916388,0.02593514272865973,0.6756878023419269,False
F1,pre_slope_T,confirmatory,278,0.040549227141278066,-0.09545551703839163,0.05958276684766497,0.11029323193241898,0.18275825239755622,0.005519681327669079,-0.038663348249700184,0.5458122318229268,False
F1,abs_peak_strike,exploratory,288,0.21806352010016572,0.025308551392845102,0.052559807295541994,0.6305184178301653,0.12520174011557084,0.027098056558583692,-0.49622942702421957,1.2593493299432766e-16,False
F1,abs_peak_strike,confirmatory,278,0.30161607699946824,0.02805174706395477,0.050834251681963386,0.5815162011589967,0.24177858976193708,2.0283114240153726e-05,-0.5923222326629336,4.367751168066327e-23,False
F1,peak_post,exploratory,288,0.5947567182792548,-0.02249262096430878,0.03805131251905287,0.5549166083243589,0.266216793982215,4.1824916780164086e-10,-0.38365479859286133,3.60785014153438e-18,True
F1,accel_post,exploratory,288,0.04278863330918148,0.0603800198808341,0.058152976747744285,0.30001532113205187,0.1840398368750013,0.0034256023678639973,-0.16894560032373698,0.007110119739067143,False
F2,pre_at_lowT,exploratory,288,0.22744312118347698,-0.1855315454212092,0.05232354142825955,0.00045755807816585194,0.25293342617962955,9.129331984107168e-06,-0.4460370072458378,4.644409424947438e-14,False
F2,pre_at_lowT,confirmatory,278,0.284705119963793,-0.23129437746113715,0.05129125754291386,9.64633379660089e-06,0.26016407494128285,5.501105498177098e-06,-0.5275044382087272,6.712243675669462e-19,False
F2,pre_at_midT,exploratory,288,0.19112318854725785,-0.1852689092098236,0.0535393496664035,0.0006221812788119033,0.2429081671285524,3.010643582913578e-05,-0.39631015686004056,3.445726226644506e-11,False
F2,pre_at_midT,confirmatory,278,0.26990021232736516,-0.201067909296966,0.051819342704914506,0.00013081277866159073,0.2648516723142847,4.69098231066598e-06,-0.5223059760954758,2.658806851605807e-18,False
F2,pre_at_highT,exploratory,288,0.20962795660728817,-0.16747108060776505,0.05292339352257391,0.0017227608770034118,0.3199291584567689,3.875464976891075e-08,-0.40442805760289036,8.847456371340194e-12,False
F2,pre_at_highT,confirmatory,278,0.2759919570566578,-0.19141657346477373,0.051602706951723906,0.0002514721322385223,0.30646020412299463,1.2548075065107055e-07,-0.5232417538049356,1.7746995490694495e-18,False
F2,pre_slope_T,exploratory,288,0.05164701115580883,0.01253761241275667,0.057971816320287126,0.8289319099933155,0.21576438121230868,0.0005816793297952425,0.025540683382203222,0.6817419066435182,False
F2,pre_slope_T,confirmatory,278,0.04674245098701013,0.12368599415892295,0.05921147986370416,0.03764079752499334,0.1976619411184024,0.002503234980315476,-0.0381981830192012,0.5488811512429599,False
F2,abs_peak_strike,exploratory,288,0.21811686876304226,0.02638513826979097,0.05263841704987272,0.6165817281644561,0.12465146376958171,0.02764321019150932,-0.4988047077817015,1.1075836096086791e-16,False
F2,abs_peak_strike,confirmatory,278,0.3129565791050659,0.11050134104821897,0.050268147582581926,0.028768509971248465,0.24191392369365808,1.5612182971237217e-05,-0.5817246198040162,8.939693732525949e-23,False
F2,peak_post,exploratory,288,0.5988265017460289,-0.06864079370089488,0.03822882553520223,0.07363692056482445,0.26683796526610915,3.099757439581142e-10,-0.37903919362028066,6.227056500529141e-18,True
F2,accel_post,exploratory,288,0.03934579613000566,-0.013854480435428923,0.05834658508123654,0.8124777942407556,0.18049650256866423,0.004125535154621917,-0.16850565981297644,0.007547098800970517,False
