subj,omega,kappa,log_om,log_kap,pred_earn,shortfall
1,2.0652947783679045,0.1355515784228703,0.7252729660401767,-1.9984030585248818,0.5844596874051662,0.3636288436498105
2,1.1184079866502683,5.501210145643055,0.11190623361127817,1.7049680945167047,-0.08300308226632987,1.0310916133213066
3,1.012396617088502,0.3440909312867524,0.01232040820606816,-1.0668493214032073,0.7347125557692213,0.21337597528575536
4,1.124954253533513,0.1944476464150223,0.11774237130383373,-1.6375923222591233,0.7560635843787789,0.19202494667619785
5,0.3486304275899195,0.0656435249710563,-1.053742864593695,-2.7235163126321016,0.9042895012130681,0.04379902984190864
6,2.061644676449375,0.1285196135460045,0.7235040508863324,-2.051673751695081,0.587144700981072,0.36094383007390474
7,1.2129803767030205,0.3500068210499841,0.19308045233972917,-1.04980263597434,0.6968988929774714,0.2511896380775053
8,3.54658955354959,0.5912450851132407,1.2659864525887905,-0.5255246519154234,0.23641129887023865,0.711677232184738
9,0.7088194599381766,0.0667939857207517,-0.3441544253020905,-2.7061422366133354,0.8650761337078869,0.08301239734708976
10,2.1116021033263506,0.061679493815299,0.7474469500486383,-2.7858037563868887,0.5962467335889174,0.35184179746605926
11,1.2211588447198778,0.1162816924431821,0.1998002806227567,-2.1517396485024567,0.7613153516285865,0.18677317942639016
12,2.72195343918142,0.5312039685523766,1.001349798712447,-0.6326092099284365,0.37245445213441164,0.5756340789205651
13,0.6173735839791283,0.1248815608744677,-0.48228095373948227,-2.080389503858296,0.8565552544284941,0.09153327662648258
14,1.3704689254748887,0.0108956435110627,0.31515296264366127,-4.5193922475236885,0.7704843063975886,0.17760422465738812
15,2.632667209912775,0.1341347649695639,0.9679974805445571,-2.0089102756893404,0.47363267351233046,0.47445585754264624
16,3.298749942202857,1.696731542136605,1.193543591314474,0.5287037781789864,0.1154719867596484,0.8326165442953283
17,1.354491059860525,0.5392665164108084,0.3034257821967751,-0.6175453656964092,0.6225005193702605,0.3255880116847162
18,0.8709705078624106,0.1212601850316433,-0.13814716279198086,-2.109816752431393,0.8219586389263176,0.1261298921286591
19,1.5318461582281058,0.5033607651639311,0.42647364736492505,-0.6864481390006745,0.5974027547924589,0.35068577626251785
20,1.4520800820922295,0.3307383460364238,0.3729970678378169,-1.1064277115695194,0.6560868900628419,0.29200164099213477
21,0.9250851089423864,0.1981717536108143,-0.07786953603489695,-1.6186211818195393,0.7896950935116662,0.15839343754331048
22,0.8499663770474899,0.1373736554359851,-0.16255848669486828,-1.9850506538513994,0.8200933135197588,0.12799521753521792
23,1.1789602693546783,0.0160105546811692,0.16463292239088256,-4.134507106654294,0.8056363818810276,0.1424521491739491
24,0.2777647968201427,0.0416469362015978,-1.2809805780014987,-3.178527473660885,0.9204152988701547,0.027673232184821983
25,1.9724700662510295,0.1440228969217736,0.679286598084608,-1.9377829856451088,0.6012058668489969,0.3468826642059798
26,2.6176197838612625,0.0250672844021399,0.962265425413187,-3.686191693295714,0.5059418568101706,0.44214667424480614
27,1.7111079417710588,0.3066326435129096,0.5371410798699299,-1.182104848828619,0.6109876810236368,0.33710085003133994
28,1.7389643086577762,0.163708134606547,0.5532897111004412,-1.8096701036799372,0.6432002766400512,0.3048882544149255
29,0.7263933425689098,0.0332101269022862,-0.31966361670276,-3.4049004223937307,0.8762223016577071,0.07186622939726961
30,1.0262991023524215,0.2192099069707532,0.02595922702471914,-1.5177255288951286,0.7664631420308551,0.18162538902412162
31,0.4509635769678151,0.0968075839728276,-0.7963687033442861,-2.3350299409418267,0.8838236678822966,0.0642648631726801
32,2.303575698412112,3.146945740621344,0.8344625671990552,1.1464323763134674,0.052009914746056596,0.89607861630892
33,0.6425733928583937,0.2054230246397975,-0.4422742386067311,-1.5826838911790029,0.8291256560358066,0.11896287501917013
34,1.2351057815245567,1.2027393579214674,0.21115661946824818,0.18460175343644983,0.4926350964869148,0.4554534345680619
35,7.944918269717202,0.4950882729992215,2.0725325129272343,-0.7030192030208682,-0.09106268761633596,1.0391512186713125
36,1.0824811321022452,0.1932377604836275,0.07925575081396301,-1.643833928663297,0.7638733344359101,0.1842151966190666
37,3.9009507286975937,1.0289526214421596,1.3612203000160428,0.028541412489807103,0.13162823051166356,0.8164603005433131
38,1.1957890760702508,0.1778952127592479,0.17880628217478076,-1.7265605944012128,0.7473404659641187,0.20074806509085796
39,0.1716946464032115,0.0487637720979839,-1.762037691511163,-3.0207676168611552,0.922553372527718,0.02553515852725874
40,0.5382602707306089,0.2446285482683059,-0.619413061209344,-1.4080143484418908,0.8300329106917398,0.11805562036323691
41,1.723379924353356,2.0161333490314544,0.544287434894915,0.7011814933745187,0.26632362699365775,0.681764904061319
42,0.7375722705268194,0.0271408968847671,-0.3043912016345838,-3.606713578519853,0.8774541740033754,0.07063435705160126
43,3.1181342187730907,0.9858772997861964,1.137234816140509,-0.014223374530609153,0.23398940181773933,0.7140991292372374
44,1.5320900972976002,0.6886203635460808,0.4266328798356201,-0.37306515612739793,0.5532696568137718,0.3948188742412049
45,2.1839649158264915,0.62242366198483,0.7811419935716188,-0.4741342895127838,0.4475952433698597,0.500493287685117
46,2.210680496987958,0.4067631578486078,0.7933003853220143,-0.8995241846696095,0.48958809597291486,0.45850043508206184
47,0.4461569764726585,0.2861985135160017,-0.8070844237019559,-1.2510696057376993,0.8273473728607164,0.12074115819426035
48,2.3965837253837763,0.3474629136782003,0.8740442755329562,-1.0570973429008197,0.46824643741826194,0.47984209363671476
49,1.546942532750166,0.1626155024098095,0.43628042335741646,-1.8163667456393335,0.6827046578120199,0.26538387324295676
50,1.771753703592814,0.452878247566027,0.5719698490646234,-0.7921319587939276,0.5628868608548785,0.3852016702000982
51,0.5699611437952752,0.0224882731093729,-0.562187089257357,-3.794761300780143,0.9023927589476165,0.0456957721073602
52,2.007834786462787,0.1721727818797189,0.6970569207865159,-1.759256760574864,0.5864044549793734,0.36168407607560327
53,2.907079264820858,0.5785711068955015,1.0671488880852444,-0.5471938239201039,0.33328823224397924,0.6148002988109975
54,0.8229490706379184,0.328970327941768,-0.1948609627983439,-1.1117877209108489,0.7701298952290485,0.1779586358259282
55,1.8020205720882168,1.5328562578858809,0.5889085753741538,0.42713283025265986,0.33580338770313034,0.6122851433518464
56,1.4947469984308346,0.2295662046441934,0.40195696070249,-1.4715638176868087,0.6742647033826855,0.2738238276722912
57,0.6001202144112919,1.1380210221511249,-0.5106252864826911,0.1292908084255428,0.6089501026021723,0.3391384284528044
58,1.1851985609407865,0.2973692384569835,0.16991032252550195,-1.212780685218473,0.7159534498810828,0.23213508117389392
59,1.2118782408794604,0.5009898953522367,0.192171421279969,-0.6911693470582798,0.6588894178303218,0.28919911322465486
60,0.3254563021881327,0.532413989781524,-1.1225270746155642,-0.6303339159816094,0.7761708937228511,0.17191763733212562
61,1.4163412718317223,0.2679903405395441,0.34807697741359395,-1.3168043418837314,0.679619068636373,0.2684694624186037
62,0.1810288773000734,0.2423602004069868,-1.709098717347629,-1.417330228007742,0.8533261330659369,0.09476239798903985
63,1.1344402774665925,0.0317620311181125,0.1261393816895669,-3.4494836925664214,0.8075107604313592,0.14057777062361754
64,2.3625009489501734,0.3143679779639902,0.8597207820577112,-1.1571910748738505,0.48225674762220727,0.46583178343276943
65,1.940223556577488,0.3540533656232508,0.6628032017853746,-1.0383076268618885,0.5539537712708402,0.3941347597841365
66,0.1781957590151243,0.0686464348675258,-1.724872563245889,-2.6787860801264913,0.9125673275189772,0.035521203535999524
67,0.2901422298642942,0.43617281966589,-1.2373840284239228,-0.8297167387885898,0.8006270428638967,0.14746148819107996
68,0.2413847113490781,1.0775184335281651,-1.4213633055924526,0.07466065053218292,0.6615413479333907,0.286547183121586
69,0.6599650642225469,0.0285631948839212,-0.41556837835880744,-3.555636282083737,0.8877394884895203,0.06034904256545637
70,2.282398210206513,1.072012867278207,0.8252267367451461,0.06953806563460303,0.34322868644895166,0.604859844606025
71,0.8911923290128805,0.3493893076529998,-0.11519501732722076,-1.0515684837739017,0.7538678698984365,0.19422066115654024
72,7.967899626564294,0.4360449336517664,2.075420923135219,-0.830009982108973,-0.08814673421691081,1.0362352652718876
73,2.1890436440809062,0.3131320719143653,0.7834647562501028,-1.1611302224419873,0.5153983862823297,0.432690144772647
74,1.5817999498373487,5.369199715064554,0.4585634073907939,1.6806788685628322,-0.09995285526312231,1.048041386318099
75,1.4812047538964217,0.4659143467518273,0.3928557795420579,-0.7637534670043364,0.6161353038351277,0.331953227219849
76,0.3562224161089587,0.6243342968013718,-1.032199978863096,-0.47106932201241286,0.7531387670275024,0.19494976402747433
77,25.550973407290435,0.0651903109761735,3.240675414056696,-2.730444425752212,-0.33423177060880843,1.2823203016637852
78,1.55214389159391,0.0982484658074387,0.43963713111925157,-2.3202556435461483,0.7008286019002221,0.2472599291547546
79,0.5331923680928496,0.007914066907944,-0.6288730041842792,-4.839113481677083,0.9183600553961702,0.02972847565880654
80,2.408360778846511,0.913120012404267,0.8789463413262866,-0.09088795860925195,0.3519223932161839,0.5961661378387928
81,0.9595057641396956,0.0935150013553075,-0.04133695611136862,-2.3696334132542316,0.8165828169622451,0.1315057140927316
82,2.1064039348475285,2.0711234236099307,0.7449821972420502,0.7280911767795946,0.20725584764116506,0.7408326834138117
83,0.1083400971450806,0.0488706633163162,-2.222479952084145,-3.018577994714303,0.924677486205792,0.02341104484918466
84,0.9770505102556784,1.3639649068296302,-0.023216928935209075,0.3103958309595267,0.5004323745315645,0.4476561565234122
85,1.2912388131113772,0.7955465662741376,0.25560207780247024,-0.22872589580358765,0.5733278585578769,0.37476067249709977
86,0.3644762287442732,0.0655568117193222,-1.0092939457251784,-2.7248381577820076,0.9031615963710962,0.04492693468388054
87,0.8057602250964584,0.1182843140029348,-0.21596906820706158,-2.134664111861702,0.8330672366382282,0.11502129441674847
88,2.6191752078348367,0.3277492333851089,0.9628594620412316,-1.1155064953643772,0.431830118436181,0.5162584126187957
89,2.819182352628539,0.4794141440723459,1.036446897031185,-0.7351904537200701,0.3663173722156292,0.5817711588393475
90,0.3739550830455399,0.0741672885700731,-0.9836195875887613,-2.601432080864639,0.8987896951507497,0.04929883590422701
91,0.2090874822064203,0.0148218558634787,-1.5650025394451301,-4.211652439999059,0.9417605991156253,0.006327931939351439
92,0.5016289459321356,0.1259118476376056,-0.6898945841271954,-2.07217323880405,0.8691322924131528,0.07895623864182388
93,0.363273551315926,0.0736314059047543,-1.0125991436274526,-2.608683633599988,0.8998627169242374,0.04822581413073934
94,1.9693677184537732,0.6321558510954798,0.6777125361331783,-0.45861931540140116,0.48473595967066363,0.46335257138431307
95,1.676715312826487,0.6308082489056582,0.5168367086368583,-0.4607533470832923,0.5395078228467703,0.40858070820820636
96,0.2256599800184322,0.0486444277481816,-1.4887259258190704,-3.0232180144602734,0.9200894217976731,0.027999109257303645
97,0.1908888337620244,0.3415971968642993,-1.6560640425645237,-1.0741230230021541,0.8268752726871915,0.12121325836778518
98,11.317082089228151,4.6697640780033725,2.426313273578435,1.541108551775869,-0.3255082463115577,1.2735967773665344
99,1.2772226616150055,1.36021869866687,0.2446879249010542,0.3076454946630522,0.45252130389260925,0.49556722716236745
100,0.7835456886101748,0.1463081372544795,-0.24392590540801978,-1.9220403521714413,0.8273397579780184,0.1207487730769583
101,0.4250694033233473,0.0098618980932422,-0.8555028214527424,-4.619076624508566,0.9279343561943705,0.020154174860606222
102,1.870240187097934,0.2406002882035897,0.6260668649168499,-1.4246182775886198,0.5959173187612666,0.35217121229371007
103,0.4237918924056594,0.0772961636202001,-0.8585127640396174,-2.5601109543719733,0.8934924520436731,0.05459607901130359
104,2.392737347138544,0.1803996972456822,0.8724380440801246,-1.7125803495940342,0.5080560029032255,0.4400325281517512
105,1.5444992355959537,0.3822083333178615,0.43469973845630805,-0.9617894438609071,0.6246851737526695,0.3234033573023072
106,0.5214383750170297,0.1079891209943753,-0.6511641802351346,-2.225724788465241,0.8728678139520163,0.07522071710296041
107,0.6681791835955342,0.0289227951234385,-0.40319890249964674,-3.5431252361738483,0.8864356705541876,0.06165286050078911
108,2.158353273498889,0.3166086971678555,0.7693455575615592,-1.1500886613886687,0.5205707165176162,0.4275178145373605
109,1.3798459140867192,0.2040549011147486,0.3219718364761677,-1.5893661982335365,0.7041989242190948,0.2438896068358819
110,7.524291434371919,0.9072784186863496,2.018136644656203,-0.0973059093934868,-0.10069710694395764,1.0487856379989344
111,0.6558307450797274,1.7467010064779085,-0.4218525338776921,0.5577288696688578,0.46815705386988926,0.47993147718508744
112,1.6397765173935304,0.1967089668765289,0.4945599626685294,-1.6260299680652601,0.654207391474443,0.29388113958053375
113,0.5555235566535175,0.6075244778944905,-0.5878442645846174,-0.4983628117487308,0.7370989135158111,0.21098961753916556
114,1.2026657947329786,0.4687983319231621,0.1845405885317098,-0.7575825989100456,0.66827027156605,0.2798182594889267
115,1.1788320394189964,0.4400574607312683,0.16452415120240155,-0.8208499680252335,0.6799792110616575,0.2681093199933192
116,0.9859856943174116,0.3580728813738433,-0.014113433290626,-1.0270187340443362,0.7356095384283423,0.2124789926266344
117,2.16440552062904,0.1534704419934382,0.7721457374341973,-1.874247290800335,0.55991896203846,0.38816956901651667
118,1.875112551280793,0.908368725087236,0.628668684970561,-0.09610489791316389,0.4432837119952094,0.5048048190597674
119,3.878229242216733,0.8771840559686829,1.3553786685897595,-0.13103843865388345,0.15370284181904703,0.7943856892359297
120,1.3252498659248382,0.217351612849756,0.28160101971606055,-1.5262389010560917,0.7114569886287256,0.23663154242625106
121,2.0179752406885414,0.6707933523794716,0.702094652623514,-0.3992941590710492,0.46724850357730147,0.48084002747767524
122,1.1603565962077116,0.0120031250183745,0.1487273684012288,-4.422588244899194,0.8118051974740788,0.13628333358089795
123,0.8620211754331805,0.0333628033276512,-0.14847544315244335,-3.400313672418679,0.8552143714820383,0.09287415957293843
124,16.018215165647835,1.214595399178387,2.773726522552428,0.194411016542653,-0.27730104353930213,1.2253895745942789
125,1.3266810728099965,0.3594806605742522,0.2826803894712866,-1.023094898610888,0.6731648996515838,0.27492363140339293
126,1.7920037316367918,0.2703546143536592,0.5833343969371731,-1.3080207952263236,0.6040564097692085,0.3440321212857682
127,1.6030209418035557,0.4870053541175511,0.47188993767405574,-0.7194801618787681,0.5874719675234291,0.3606165635315476
128,2.1161599590239115,0.2651837671624982,0.7496031061407433,-1.327332232338327,0.5410881673739574,0.40700036368101933
129,1.6403373279178803,0.1997315791009756,0.49490190844008614,-1.6107809183580917,0.653262440934298,0.29482609012067873
130,0.2683293688255954,0.0223850162070393,-1.315540064903827,-3.7993634632760998,0.9320007298082218,0.016087801246754907
131,0.5846883235822715,0.0687459368894673,-0.5366763539293281,-2.677337643971484,0.8803073711657352,0.0677811598892415
132,0.5531072258172255,0.1655158865000983,-0.5922033978520054,-1.7986880978347048,0.8510705349343699,0.0970179961206068
133,0.5093091505851994,0.1358809720541278,-0.6747000782684951,-1.9959759819463707,0.8649869549849856,0.08310157606999113
134,1.6372698096839762,5.406965643942234,0.4930301044069924,1.6876880563834233,-0.10666802824307843,1.0547565592980552
135,0.8355314900287291,0.1067027790807043,-0.17968724161657046,-2.2377080752713057,0.832287862745758,0.11580066830921876
136,0.6652853742449448,0.2952878010835695,-0.4075391961751063,-1.219804801334216,0.8012845546201623,0.14680397643481435
137,0.7108721635664548,0.1688159233209154,-0.341262663422631,-1.77894636879943,0.8308516391315487,0.11723689192342801
138,0.8254107001516958,0.1723122305922277,-0.19187419815221848,-1.7584471536829698,0.8132909425006086,0.13479758855436808
139,2.136707036708331,0.8691976166741239,0.7592658760212372,-0.14018477258000933,0.4059280314967314,0.5421604995582453
140,0.8298746690270317,0.1420752623190667,-0.18648059076556928,-1.951398345458466,0.8217168508125542,0.1263716802424225
141,2.6520596102565586,0.5443445461063536,0.9753365495433086,-0.6081728757988225,0.381594842054221,0.5664936890007557
142,1.0273841863203734,0.1206227243800041,0.027015946992115274,-2.1150875847444275,0.7957721994326075,0.15231633162236924
143,1.6099302362720205,0.0854624284566903,0.4761908465494729,-2.459678432873594,0.6927300508591708,0.25535848019580587
144,0.9771027058113844,0.3871941468955067,-0.023163508808998628,-0.9488290401828477,0.7297525283034861,0.21833600275149057
145,0.1778636874531566,0.0513958063906942,-1.7267378228902541,-2.968198697579162,0.9208636326939506,0.02722489836102615
146,5.076665409426913,0.7977985247269616,1.6246546305882892,-0.22589918868907405,0.045360721503376306,0.9027278095516004
147,1.511781530153829,0.2485226342321947,0.4132887766785613,-1.3922213541639423,0.6657931052174042,0.2822954258375725
148,0.8473536180758061,0.6263847569440185,-0.1656371766801472,-0.46779046898218746,0.6911034356806856,0.25698509537429115
149,1.0080986266411245,0.2533544208940075,0.008066008752780128,-1.3729658974630752,0.7600749016574162,0.1880136293975605
150,0.2724439976404357,0.0708133402937428,-1.3003221992456868,-2.6477078738036957,0.9071691113341364,0.040919419720840344
151,0.9341693491039706,0.189379008936937,-0.06809754123190388,-1.6640049336386122,0.7907925058142518,0.15729602524072495
152,5.716592768729516,0.0035853268440611,1.7433729581074338,-5.630905639194755,0.0830481854595463,0.8650403455954304
153,7.809267182520039,0.668031778640187,2.0553111287859753,-0.40341953376239054,-0.09690239807786684,1.0449909291328436
155,0.7585394989130726,0.0789508694996215,-0.27636040651569294,-2.5389295250463695,0.8534632022023942,0.09462532885258246
156,1.4176465008836447,0.1903996300768907,0.3489981028727623,-1.6586300995002328,0.7006699198888937,0.247418611166083
157,0.9501736544451196,0.0491850216761824,-0.05111051693960855,-3.012166139310338,0.8340381764863196,0.11405035456865709
158,0.5639827638511326,0.0099430191835178,-0.5727315884986985,-4.610884563636992,0.9119425465824151,0.036145984472561565
159,1.115592670118264,0.4949560277619392,0.1093858064002609,-0.7032863531634772,0.677715219924098,0.2703733111308787
160,0.5377317634918172,0.103991249937732,-0.6203954240233513,-2.2634485185944455,0.8726198284225615,0.07546870263241523
161,0.6076808366605211,0.4479868776353289,-0.4981054745481431,-0.8029913379887108,0.7694379678411412,0.17865056321383554
162,0.3068111704283957,0.0436238849853672,-1.1815228006720677,-3.132150457860862,0.9174410693447217,0.03064746171025501
163,2.469520673620952,0.3388509749022607,0.9040240725451782,-1.0821948703132267,0.45671018548036074,0.49137834557461596
164,0.7337029280160324,0.3858753178174515,-0.30965106251639324,-0.9522409725321607,0.768412334179089,0.17967619687588765
165,0.5680260292777289,0.0772385676072124,-0.5655880351177889,-2.5608563662958446,0.878936829422899,0.06915170163207773
166,2.206793375685077,0.1919484087755624,0.7915405006376063,-1.6505286473557683,0.5414247725320048,0.4066637585229719
167,0.7383227127865747,1.7357951611486688,-0.3033742697621777,0.5514656145462031,0.4589221018455688,0.4891664292094079
168,1.0355089201068428,0.2607936506233859,0.03489301611561942,-1.3440257949952281,0.7533969971226773,0.19469153393229943
169,0.445572995000759,0.1550838083568103,-0.8083941958842675,-1.8637896091117698,0.864716959173154,0.08337157188182265
170,1.1828097602856318,0.320825246673741,0.1678927608099844,-1.1368587069787184,0.7101511150578004,0.23793741599717633
171,0.312798558382974,0.0693284615888466,-1.1621958790716844,-2.6688997559631495,0.9052561644005083,0.042832366654468434
172,1.479289219761318,0.4710164214135339,0.3915617154977052,-0.752862320576602,0.6152100444940215,0.3328784865609552
173,1.17474409811473,0.0842569467943674,0.1610503350381615,-2.4738842586163035,0.7803759296121815,0.1677126014427952
174,0.830477767953833,0.1144898743191849,-0.18575411975870004,-2.1672688937919315,0.8305072486563996,0.11758128239857712
175,1.1730117575071777,1.0368793411433876,0.15957459307138333,0.036215568710540554,0.5394559210142189,0.4086326100407578
176,0.3289693337674825,0.4317287168384356,-1.1117907429943115,-0.8399578582753479,0.7994099807970662,0.14867855025791055
177,0.4287183256801251,0.0473649566667903,-0.8469551591956738,-3.049872634533337,0.9056700487876855,0.04241848226729117
178,0.2421028282287,0.0616109042488375,-1.4183927330382053,-2.7869164070817454,0.9128391142217204,0.03524941683325633
179,0.7904395775720826,0.427716455361522,-0.23516606096290843,-0.8492947904152136,0.7494911619516537,0.19859736910332304
180,0.503641540362516,0.1401372180875742,-0.6858904933938672,-1.9651332071888712,0.864172387816107,0.08391614323886976
181,0.7241603147159977,0.0918754570824953,-0.32274248194249733,-2.387321346413944,0.8537818804808222,0.09430665057415455
182,1.4693039214655588,0.4631882461624651,0.3847887658307686,-0.7696217283422332,0.6191362991072615,0.32895223194771517
183,0.987702912702637,0.0852242725879869,-0.012373322097373785,-2.4624689961898207,0.8143978904219991,0.13369064063297764
184,9.876043809334602,1.4392203428003525,2.2901120074121994,0.36410153835164544,-0.19028149525617585,1.1383700263111525
185,0.6565679568022049,0.8140720155623035,-0.4207290768078854,-0.20570644568618215,0.6751797374359546,0.2729087936190221
186,2.36853710419588,0.6827580845790788,0.862272508952812,-0.38161467749875305,0.40271175465846404,0.5453767763965127
187,1.7004579507083153,0.350085771290722,0.5308975975547442,-1.049577093690544,0.6021497507632888,0.3459387802916879
188,6.875214343295069,0.9950489076935408,1.9279228202731915,-0.00496338957069101,-0.0803338680858416,1.0284223991408183
189,3.2566928722679123,0.668079893742688,1.1807122241099628,-0.4033475111859604,0.2648760792471786,0.6832124518077981
190,0.7333901533090655,0.1742991223211056,-0.31007744952030863,-1.746982361918607,0.8261450370418509,0.12194349401312576
191,1.7642844145119896,0.5366536944761715,0.5677451773045494,-0.6224022817474116,0.544584581587149,0.40350394946782775
192,0.4550778238396029,0.8210097905352909,-0.7872868332513795,-0.19722024446647543,0.6990875157035495,0.24900101535142716
193,0.4318039694040849,0.8516107134506523,-0.8397835682524253,-0.1606257656630672,0.6946085109287615,0.2534800201262152
194,0.6738915608275544,0.0446316969850849,-0.3946860699937399,-3.1093109776471843,0.878669165165522,0.06941936588945474
195,1.1167251807265577,0.1244273667973488,0.11040045644664792,-2.084033132538997,0.7783467853052115,0.1697417457497652
196,0.536142261786174,0.3156164136731648,-0.623355739347166,-1.1532276835263882,0.8110283040962176,0.13706022695875908
198,0.8205553941238762,0.026545995106796,-0.1977738580875082,-3.6288763861073834,0.8650613078184326,0.0830272232365441
199,2.6010564429756795,0.3539684050775997,0.9559176867215196,-1.0385476210247087,0.42951278203700227,0.5185757490179744
200,1.0655464456860295,0.005007455336076,0.06348776211426675,-5.2968274098697705,0.8379719421931613,0.11011658886181541
201,0.5305258476800189,0.1449954324337883,-0.633886598872778,-1.9310530375143449,0.859810970677215,0.08827756037776169
202,0.7526762353489971,0.3907051544963247,-0.28412010998026643,-0.9398020840305992,0.7645658476663179,0.18352268338865885
203,1.9141982919338123,0.1571883315870837,0.649298888465935,-1.8503106282872264,0.6092349499633345,0.3388535810916422
204,0.6996040431843515,0.0605378081269849,-0.3572407565742992,-2.8044871814125956,0.8688100286302847,0.07927850242469203
205,1.6199776838160185,0.0131283529805858,0.4824123737271999,-4.332981037942635,0.7167692975478874,0.23131923350708927
206,3.641809668792976,5.1451865551864895,1.2924807198610013,1.6380616281401181,-0.1949885425266054,1.143077073581582
207,2.9757370062724378,0.6036944227431311,1.09049174151761,-0.5046871316800575,0.3179805718750335,0.6301079591799432
209,0.8357883360620021,0.1540600884001141,-0.17937988448326128,-1.8704125682543267,0.8170779974263257,0.131010533628651
210,0.5721799681794202,0.0451468421219565,-0.5583017074035778,-3.097834943493067,0.8913552075526724,0.05673332350230431
211,0.5660089126652168,0.3652856189908228,-0.5691454541445995,-1.0070757136239827,0.7950839135508868,0.1530046175040899
212,0.3226024030466719,0.1101909649904405,-1.1313346643210291,-2.205540373007045,0.8888124604965152,0.05927607055846151
213,1.469754817076932,0.083670671460702,0.3850955957753339,-2.480866763599839,0.7221670564687537,0.22592147458622303
214,0.5140175459675511,0.028071264111849,-0.6654978779859558,-3.573008855356273,0.9060868723950908,0.04200165865988592
215,1.8046974200208812,1.0692489054766758,0.5903929433951763,0.06695644448786028,0.4228085697757265,0.5252799612792503
216,2.2063197690642444,0.0588063244170041,0.791325864571357,-2.8335058717492,0.5777397627731414,0.37034876828183527
217,1.4345144158150602,0.0057773542103705,0.3608264057544625,-5.153809450167787,0.7626349694278574,0.18545356162711935
218,0.4303714466701608,0.161928140726616,-0.843106613714987,-1.820602617920213,0.8639569668074236,0.08413156424755308
219,1.1070120744355567,0.5715230952350073,0.10166456101620819,-0.5594503849539872,0.6603908289517841,0.28769770210319257
220,0.8149973069704698,1.3277185237040818,-0.20457047007744555,0.2834620735464906,0.5349075015911051,0.4131810294638716
221,1.1836127849739675,0.1739943104938367,0.16857144325473017,-1.7487326786134927,0.7507135134926928,0.19737501756228393
222,2.439379545665141,0.2910099717332181,0.8917437224058422,-1.2343977452732884,0.4729542444240864,0.4751342866308903
223,1.3896620887087312,0.00411418559776,0.32906061594021,-5.493314375069401,0.7746490938506199,0.17343943720435684
224,0.2330159773491632,0.0164606801431038,-1.456648255453405,-4.106780763620692,0.9385438633598088,0.00954466769516793
225,0.5586430495992087,0.045540173218651,-0.5822445614888851,-3.089160414694335,0.8927981858901423,0.05529034516483444
226,5.6474882590371625,0.8831080650887537,1.7312108903914436,-0.1243077018475165,-0.005132725452434798,0.9532212565074115
227,0.6139582603153074,0.0463319899821541,-0.48782833308823165,-3.0719226281307845,0.8857370338151106,0.062351497239866105
228,1.1369426927146724,0.4745791417399309,0.12834281131230194,-0.7453268850825258,0.6790105164970224,0.2690780145579543
229,0.4797915956355639,0.0744000865367057,-0.7344034451210282,-2.5982981740160027,0.8894858818798174,0.05860264917515934
230,1.5515624072157743,0.2191906786574763,0.4392624278909453,-1.5178132491852905,0.6659860214620437,0.28210250959293304
231,0.5938856352236471,0.1636009641083409,-0.5210685114499294,-1.810324961748086,0.8471316252072068,0.10095690584776995
232,0.4624383725104297,0.5674882510427834,-0.771241979534142,-0.5665352328492007,0.7568196050616373,0.19126892599333944
233,0.9964199482473916,0.3116001964279759,-0.0035864754739701236,-1.166034334600711,0.7462419661031068,0.20184656495186992
234,3.1878203018535065,0.1751397938700309,1.1593373922920807,-1.7421708018327338,0.3654993717671772,0.5825891592877995
235,0.3958322033210544,0.0828915099512245,-0.926764886513388,-2.4902226352190713,0.8937850901012502,0.05430344095372652
236,1.230868017291256,0.3997225381815347,0.2077196256064036,-0.9169846271099431,0.6808767273187981,0.2672118037361786
237,0.8749853660497618,0.044541724622548,-0.13354811727893676,-3.1113288971448436,0.8484959540049728,0.0995925770500039
238,0.1728300478459042,0.0249114949553395,-1.7554465497318164,-3.692425937243898,0.936437558273183,0.011650972781793723
239,0.5839625461277562,0.1896261071069299,-0.5379184315534239,-1.6627010029287443,0.8405260698297686,0.10756246122520807
240,1.130165173862959,1.2700193296807225,0.12236379360236835,0.23903212057571485,0.4959670604537905,0.4521214706011862
241,0.8082989688207257,0.0821680621954825,-0.21282327798146003,-2.4989885901882114,0.8449391902867236,0.1031493407682531
242,0.9090197670330316,0.4606630230824875,-0.09538843913017131,-0.7750884727262244,0.7223632793104879,0.22572525174448876
243,1.6822826474638684,0.6626897098618364,0.5201515899206357,-0.4114484076049545,0.5312968991692248,0.41679163188575186
244,0.7064974900180504,0.0490686207231384,-0.34743562956301594,-3.0145355376279626,0.8723753723535412,0.07571315870143547
245,1.5009113023884144,0.2355486915419629,0.4060724585591438,-1.4458376287572132,0.6714385279899958,0.2766500030649809
246,1.843019241666211,0.3870376071423257,0.6114051190380749,-0.9492334145952834,0.5650480847589393,0.3830404462960374
247,0.6753361818255682,0.2054278024144575,-0.3925446649449336,-1.5826606332257722,0.8248082211941914,0.12328030986078531
248,0.6121354547509325,0.1208865467624057,-0.49080168966759463,-2.112902803298192,0.8585398151023819,0.08954871595259484
249,0.4976033335106504,0.3344961695735305,-0.6979520384022547,-1.0951298506796272,0.8100514193288095,0.13803711172616717
250,0.4062207576450264,0.6588604520368699,-0.9008585291104328,-0.4172435240552836,0.7410459644506094,0.20704256660436726
251,0.5166631385274644,0.0212787670946927,-0.6603641864167904,-3.8500455534666007,0.9093834769076086,0.038705054147368134
252,0.5233838898915767,0.2785089345100263,-0.6474400690854816,-1.27830513930343,0.8221285470091634,0.12595998404581332
253,2.259203315049257,0.3103505239658163,0.8150122356710817,-1.170052897817742,0.5026152411155006,0.4454732899394761
254,0.1815187799641553,0.9965459527278956,-1.7063961597530848,-0.0034600262651700423,0.6819646654678785,0.2661238655870982
255,0.2348276026664348,0.0741696885967845,-1.4489036397330424,-2.6013997217488276,0.9076207931752256,0.04046773787975111
256,0.9516055983742376,0.1000690354595756,-0.04960461745353436,-2.3018949765834082,0.815647071042859,0.13244146001211765
257,2.569501087370503,0.0043246190695649,0.9437117506337522,-5.443431218878428,0.5274326015350261,0.42065592951995057
258,0.4439617145962115,0.192993025889743,-0.8120169486547044,-1.6451012260164524,0.8535388587276124,0.09454967232736433
259,3.8203480856026815,0.7725987901051058,1.3403415403526557,-0.2579953947554461,0.17453777891779004,0.7735507521371867
260,1.431863884228311,0.3669950720972733,0.35897701110744873,-1.0024068585455825,0.6507074844114961,0.29738104664348064
261,0.6185287814199992,0.0562253992400904,-0.4804115540043084,-2.8783866804044687,0.8810835565354049,0.06700497451957177
262,1.4004450229593566,0.1488053939002696,0.3367900596525198,-1.905115907910368,0.716034624796731,0.23205390625824573
263,2.277387127151632,0.6350999781050733,0.8230287889465105,-0.4539728466479788,0.42835230867635954,0.5197362223786172
264,0.4482079566342873,0.2740470107128276,-0.8024979653536786,-1.2944556153662232,0.830376212666819,0.11771231838815766
265,0.5824436352856137,0.1009766843941281,-0.5405228616823408,-2.2928656363731723,0.8688239284481802,0.07926460260679646
266,0.6755790411763515,0.2990766983010017,-0.39218511706322434,-1.2070552224292073,0.7989776704024497,0.149110860652527
267,0.5396615033890162,0.0262668799370257,-0.6168131815495428,-3.639446451389463,0.90413063940265,0.043957891652326664
268,1.0173703650734187,1.643021903150202,0.01722122488461469,0.4965371701593342,0.4363094555807072,0.5117790754742695
269,1.2491801542515817,0.1592811852493701,0.2224874595343254,-1.8370841779594946,0.7427217247984778,0.20536680625649895
270,14.878967001072436,1.9846636802146864,2.6999486050241908,0.6854494691618401,-0.28598920650801063,1.2340777375629872
271,0.4442431192089285,0.1402067189060792,-0.8113833006234794,-1.964637381806135,0.8695979874600683,0.07849054359490837
272,1.4674601907029134,0.1516295102205205,0.3835331450628365,-1.8863151662706577,0.7018334551150072,0.24625507593996954
273,2.931624133875568,0.6956771862578613,1.0755565813578067,-0.36286953909006714,0.30851532939748844,0.6395732016574882
274,1.8270399779561144,0.2126418642567188,0.6026971589058461,-1.5481459168588747,0.6121067542290703,0.33598177682590635
275,2.277922134693282,0.5540781691783588,0.8232636830067629,-0.5904495025885398,0.445144538144132,0.5029439929108447
276,0.6738894309464404,0.36689619610752,-0.3946892305682354,-1.002676315329265,0.7815568227728452,0.16653170828213149
277,1.245891135807179,0.3877717557321794,0.21985104560692945,-0.9473383708729524,0.6809659073846454,0.26712262367033135
278,0.1762412086454341,0.1341042193523021,-1.7359017185597148,-2.009138024966509,0.8866468555212746,0.061441675533702056
279,0.7271581876279025,0.6151626831152162,-0.3186112355333378,-0.4858685207656962,0.7123700024955572,0.23571852855941955
280,1.9712769210605317,0.0136580209386343,0.678681516049305,-4.2934283153770325,0.6422780685403633,0.3058104625146134
281,1.1106262477334443,0.1168699826197381,0.10492404337775763,-2.1466932217515677,0.7818534634091855,0.1662350676457912
282,1.9058762111363647,0.3813224882566466,0.6449418561849678,-0.964109836001341,0.5539784097245228,0.39411012133045387
283,1.2777129084596464,0.0162259957821834,0.24507168945183172,-4.121140644951156,0.7859389940212567,0.16214953703372004
284,17.348265389475788,0.2593113957256521,2.853492523842952,-1.3497256393675239,-0.265114315907645,1.2132028469626217
285,0.8101675458781645,1.017024415490316,-0.21051420594232867,0.016881124143359946,0.6048743614327323,0.3432141696222444
286,0.8505798447906776,0.5077083083718,-0.16183699172822566,-0.6778481924358819,0.7199600625485119,0.22812846850646484
287,1.5141579227387405,0.359856237341448,0.4148594578573894,-1.0220506680079204,0.6362180423794637,0.31187048867551304
288,3.608759121598515,0.9923610701766112,1.2833639796256242,-0.007668255889780741,0.17003197593966443,0.7780565551153122
289,0.7305589001525888,0.5118503416525221,-0.31394542112723595,-0.6697229981309454,0.7372099466013263,0.21087858445365038
290,1.1510790152266075,0.8223377671201396,0.14069977658124486,-0.19560405942062234,0.5924492503563298,0.3556392806986469
291,0.4872156154003927,0.0913758072959202,-0.7190485117856472,-2.392774525975352,0.882393807724728,0.06569472333024873
292,3.8623824835055114,2.938301753401196,1.3512842167786228,1.0778317795577277,-0.054887097428561564,1.0029756284835383
293,0.4698617689675643,0.0446883395035977,-0.7553167361160935,-3.1080426726098733,0.9029123221131401,0.045176208941836604
